order_id,restaurant_id,customer_id,carrier_id,customer_lat,customer_lon,date,time,is_peak_time,is_weekend,carrier_vehicle,shopping_cart,coupon_discount,order_price,shortest_distance_to_customer,travel_time_minutes,restaurant_rating,delivery_charges
ORD311550,REST1455,CUST04826,COUR3108,-37.8048323,144.9327615,2020-05-17,19:42:51,1,1,Motorbike,"[('fish', 2), ('chicken stew', 3), ('beef fry', 1)]",10,89.001,4456,9,8.26,6.0598
ORD308588,REST0348,CUST03665,COUR3016,-37.8041501,144.96587319999998,2020-07-09,05:12:31,0,0,Motorbike,"[('dal makhani', 3), ('lassi', 1)]",45,28.072,3398,7,9.14,3.4262
ORD098199,REST1455,CUST00894,COUR3924,-37.8217802,144.95746719999997,2020-02-22,21:25:42,0,1,Car,"[('egg roast', 3), ('sea food', 1), ('beef fry', 1)]",10,87.219,3556,9,8.26,4.5679
ORD340506,REST0348,CUST06491,COUR2773,-37.8257254,144.9828503,2020-10-05,23:12:31,0,0,Motorbike,"[('chicken tikka', 2), ('lassi', 2), ('chole bhature', 3), ('kheer', 1)]",0,98.74,4486,9,9.14,3.624
ORD110068,REST1046,CUST12841,COUR3411,-37.799877200000005,144.9350044,2020-10-15,17:56:02,0,0,Car,"[('fried rice', 1), ('chicken curry', 2), ('beef chilli', 3)]",0,47.4,3892,9,9.04,3.6372
ORD316819,REST1046,CUST03078,COUR3892,-37.8012518,144.9684763,2020-12-14,06:47:28,0,0,Motorbike,"[('fried rice', 3), ('fish fingers', 3)]",0,81.06,4981,10,9.04,3.5342
ORD184931,REST1455,CUST06384,COUR2822,-37.8136156,144.95029499999998,2020-02-16,00:43:30,0,1,Motorbike,"[('egg roast', 3), ('fish', 2), ('beef fry', 1), ('sea food', 2)]",10,116.46,3000,6,8.26,4.4216
ORD120285,REST0348,CUST06958,COUR2131,-37.8052016,144.94939330000005,2020-09-30,13:30:59,1,0,Car,"[('chole bhature', 1), ('dal makhani', 2), ('makke ki roti', 1)]",20,51.728,2178,5,9.14,4.7879
ORD032192,REST0931,CUST07413,COUR3998,-37.8222097,144.9678411,2020-03-16,13:46:48,1,0,Motorbike,"[('vada', 3), ('idli', 1)]",10,80.226,3283,7,8.95,4.7135
ORD079095,REST1046,CUST02614,COUR1234,-37.8084171,144.96279219999997,2020-05-06,00:51:25,0,0,Bike,"[('chicken curry', 1), ('fish fingers', 1)]",45,14.465,3901,20,9.04,4.3678
ORD081681,REST1455,CUST00336,COUR0317,-37.8211602,144.98368,2020-05-01,23:40:13,0,0,Bike,"[('chicken stew', 3), ('fish', 3), ('egg roast', 2), ('sea food', 3)]",45,96.987,3179,16,8.26,4.2821
ORD149757,REST0931,CUST00519,COUR1323,-37.8133726,144.9564472,2020-03-12,02:38:14,0,0,Motorbike,"[('filter coffee', 3), ('vada', 2)]",40,64.956,3116,6,8.95,3.3412
ORD013346,REST1455,CUST07197,COUR2863,-37.8252463,144.9507341,2020-01-22,00:07:54,0,0,Bike,"[('egg roast', 2), ('sea food', 2), ('fish', 3), ('chicken stew', 1)]",20,96.152,4403,22,8.26,5.015
ORD147592,REST0931,CUST04703,COUR1028,-37.8045393,144.9281603,2020-06-05,20:30:19,0,0,Car,"[('chole', 3), ('filter coffee', 2)]",45,57.057,5415,13,8.95,4.0853
ORD298462,REST1046,CUST07238,COUR4843,-37.8209811,144.9473457,2020-12-20,23:56:02,0,1,Bike,"[('fish fingers', 2), ('chicken curry', 2)]",0,52.6,1367,7,9.04,4.3281
ORD335376,REST1034,CUST07686,COUR1808,-37.81340529999999,145.0119362,2020-10-25,14:30:19,0,1,Car,"[('mango lassi', 2), ('palak paneer', 1)]",0,42.21,7396,18,8.4,5.414
ORD039991,REST1046,CUST08214,COUR1683,-37.818551,144.9991923,2020-02-29,12:11:52,1,1,Bike,"[('fish fingers', 2), ('french fries', 3), ('fried rice', 2), ('chicken curry', 2)]",20,97.808,5926,30,9.04,8.2786
ORD061773,REST1455,CUST01891,COUR1144,-37.8206448,144.9806628,2020-08-27,04:25:03,0,0,Car,"[('beef fry', 1), ('fish', 2), ('appam', 3)]",0,77.92,2888,7,8.26,3.5954
ORD060452,REST1046,CUST13809,COUR3910,-37.8116645,144.96480630000002,2020-05-22,23:12:31,0,0,Car,"[('draught beer', 3), ('beef chilli', 2)]",10,31.518,3560,9,9.04,3.5577
ORD343483,REST0931,CUST00939,COUR1757,-37.8084452,144.97618469999998,2020-01-26,02:42:11,0,1,Bike,"[('filter coffee', 3), ('tea', 1), ('chole', 1)]",10,87.318,1236,6,8.95,4.3865
ORD100213,REST1455,CUST00790,COUR3742,-37.7990524,144.97029819999997,2020-04-11,23:36:15,0,1,Bike,"[('chicken curry', 2), ('egg roast', 1), ('appam', 2)]",20,73.032,388,2,8.26,4.1475
ORD134064,REST1455,CUST12484,COUR4768,-37.8190176,144.95229740000002,2020-08-21,19:15:09,1,0,Car,"[('sea food', 1), ('chicken stew', 3), ('fish', 1)]",0,86.28,3595,9,8.26,5.9407
ORD140468,REST1455,CUST13627,COUR2340,-37.8143283,144.9742895,2020-04-13,10:40:52,0,0,Car,"[('chicken stew', 3), ('chicken curry', 1), ('sea food', 1)]",0,97.94,1740,4,8.26,3.0761
ORD317755,REST0348,CUST00827,COUR1918,-37.8171578,144.9593038,2020-07-26,23:04:36,0,1,Motorbike,"[('lassi', 3), ('kheer', 2), ('chicken tikka', 3)]",40,53.148,1915,4,9.14,3.8441
ORD195466,REST1455,CUST10490,COUR0800,-37.8061375,144.9572052,2020-02-05,09:09:53,0,0,Motorbike,"[('beef fry', 2), ('egg roast', 3), ('appam', 1)]",40,68.616,2170,4,8.26,3.1123
ORD135063,REST0931,CUST12139,COUR4585,-37.8246575,144.9583815,2020-10-13,15:37:34,0,0,Car,"[('tea', 2), ('vada', 3)]",0,103.57,4296,10,8.95,3.6008
ORD218958,REST0348,CUST04151,COUR2893,-37.8196813,144.9810997,2020-05-12,18:47:28,1,0,Motorbike,"[('paan ice cream', 3), ('paneer tikka', 1), ('kheer', 3), ('chole bhature', 3)]",0,147.92,3982,8,9.14,4.8674
ORD008808,REST1034,CUST00394,COUR0999,-37.8204355,144.98416819999997,2020-07-03,16:44:50,0,0,Motorbike,"[('paneer lababdar', 3), ('butter chicken', 2), ('manchurian', 1)]",0,88.4,5178,10,8.4,3.3366
ORD282323,REST1046,CUST06686,COUR3434,-37.8075354,144.97041769999998,2020-05-10,13:38:54,1,1,Motorbike,"[('chicken curry', 2), ('french fries', 2), ('fish fingers', 2)]",0,88.32,4411,9,9.04,5.6957
ORD165943,REST1046,CUST09887,COUR3930,-37.8064151,144.98346930000002,2020-01-15,23:12:31,0,0,Motorbike,"[('murgh ghee roast', 2), ('fried rice', 3), ('fish fingers', 2), ('beef chilli', 3)]",20,83.76,5346,11,9.04,4.013
ORD231629,REST1455,CUST11649,COUR0436,-37.8178396,144.9527211,2020-09-03,12:11:52,1,0,Car,"[('appam', 1), ('chicken curry', 1)]",0,34.8,4887,12,8.26,5.597
ORD116416,REST1046,CUST04253,COUR4306,-37.82467570000001,144.9889805,2020-03-05,20:42:11,0,0,Motorbike,"[('french fries', 1), ('fried rice', 2), ('beef chilli', 2), ('chicken curry', 1)]",0,57.74,4967,10,9.04,3.4967
ORD031584,REST0348,CUST11777,COUR1178,-37.8196782,144.9712076,2020-06-15,22:01:19,0,0,Car,"[('paneer tikka', 3), ('kheer', 2), ('makke ki roti', 2), ('chole bhature', 1)]",0,136.95,3092,7,9.14,3.0381
ORD258479,REST1455,CUST01243,COUR4696,-37.803079700000005,144.97997990000002,2020-04-26,08:02:38,0,1,Car,"[('beef fry', 2), ('chicken curry', 1), ('egg roast', 3)]",40,72.708,898,2,8.26,3.9952
ORD336639,REST1046,CUST11713,COUR0843,-37.8128953,144.99553600000002,2020-05-04,18:31:38,1,0,Bike,"[('french fries', 2), ('murgh ghee roast', 3)]",0,62.57,5891,29,9.04,7.6033
ORD001769,REST0348,CUST09642,COUR0513,-37.8022904,145.0033602,2020-09-17,12:11:52,1,0,Motorbike,"[('dal makhani', 3), ('chole bhature', 3), ('paan ice cream', 3)]",10,120.042,6603,13,9.14,5.6437
ORD091842,REST0931,CUST00476,COUR3551,-37.8156148,144.9462743,2020-12-17,19:03:17,1,0,Bike,"[('chole', 2), ('butter masala dosa', 2)]",20,47.76,3962,20,8.95,5.9159
ORD226192,REST1034,CUST00912,COUR0048,-37.8149599,144.9546275,2020-07-31,10:21:05,0,0,Bike,"[('butter chicken', 2), ('mango lassi', 1), ('dehati chicken', 1)]",0,64.08,2158,11,8.4,3.4902
ORD148904,REST0348,CUST05461,COUR4332,-37.8134063,144.96490769999997,2020-08-15,22:17:08,0,1,Car,"[('makke ki roti', 2), ('lassi', 1)]",10,46.737,2471,6,9.14,3.8869
ORD154647,REST0348,CUST11067,COUR2227,-37.805801200000005,144.95221830000003,2020-09-15,04:09:13,0,0,Car,"[('kheer', 1), ('mutton curry', 2)]",10,31.437,2213,5,9.14,2.9343
ORD135825,REST1034,CUST04011,COUR0093,-37.8041173,144.9479909,2020-10-26,15:53:24,0,0,Car,"[('paneer lababdar', 1), ('manchurian', 3), ('palak paneer', 3)]",10,101.997,2037,5,8.4,3.2188
ORD070178,REST1046,CUST13207,COUR1941,-37.820483200000005,144.97715269999998,2020-12-07,17:48:07,0,0,Bike,"[('beef chilli', 2), ('draught beer', 1), ('fish fingers', 2), ('fried rice', 1)]",10,61.794,4140,21,9.04,4.5696
ORD078538,REST1046,CUST04859,COUR4353,-37.80446370000001,144.9259273,2020-09-07,00:23:44,0,0,Car,"[('french fries', 3), ('fish fingers', 2), ('draught beer', 3)]",40,66.048,3645,9,9.04,3.6991
ORD134674,REST1046,CUST06795,COUR0676,-37.8043011,144.9717177,2020-11-24,00:51:25,0,0,Car,"[('beef chilli', 3), ('draught beer', 2), ('chicken curry', 3), ('fried rice', 3)]",20,66.528,5010,12,9.04,3.958
ORD008929,REST1034,CUST09931,COUR4675,-37.8177425,144.95105800000002,2020-11-06,03:33:37,0,0,Car,"[('butter chicken', 3), ('manchurian', 3)]",0,104.94,1930,5,8.4,3.2968
ORD085213,REST0931,CUST09266,COUR3813,-37.812715,144.9681564,2020-06-26,06:00:00,0,0,Motorbike,"[('filter coffee', 1), ('upma', 3)]",0,85.95,2164,4,8.95,3.0694
ORD127264,REST1455,CUST08111,COUR0107,-37.8166139,145.00573269999998,2020-07-11,14:54:03,0,1,Bike,"[('appam', 2), ('fish', 2), ('egg roast', 3)]",40,66.81,4319,22,8.26,6.0202
ORD053733,REST1455,CUST02062,COUR4940,-37.8051508,145.0057666,2020-01-18,03:17:48,0,1,Bike,"[('fish', 2), ('sea food', 3), ('appam', 1)]",20,59.888,3377,17,8.26,5.0645
ORD108860,REST1034,CUST06728,COUR1355,-37.8080311,144.97318130000002,2020-11-20,19:11:12,1,0,Car,"[('butter chicken', 2), ('paneer lababdar', 3), ('dehati chicken', 1)]",0,83.83,3653,9,8.4,5.0541
ORD103016,REST0348,CUST04767,COUR0916,-37.805093,144.9295737,2020-05-01,23:08:34,0,0,Bike,"[('paneer tikka', 2), ('paan ice cream', 2)]",0,66.32,2718,14,9.14,3.9506
ORD089486,REST1034,CUST00908,COUR3069,-37.8256656,144.9800894,2020-04-02,16:36:55,0,0,Car,"[('mango lassi', 3), ('butter chicken', 1)]",40,30.918,4962,12,8.4,3.7923
ORD323330,REST0931,CUST07089,COUR3508,-37.8027121,144.95685790000002,2020-07-11,08:38:14,0,1,Motorbike,"[('masala dosa', 3), ('tea', 3)]",10,106.083,2543,5,8.95,3.831
ORD326832,REST1034,CUST04545,COUR2195,-37.8169035,144.9516802,2020-11-02,04:48:47,0,0,Bike,"[('dehati chicken', 2), ('paneer lababdar', 2), ('palak paneer', 1)]",0,54.81,2622,13,8.4,4.0447
ORD008903,REST0931,CUST09168,COUR0930,-37.8140656,144.9715791,2020-03-17,20:18:27,0,0,Motorbike,"[('upma', 2), ('vada', 3), ('butter masala dosa', 1), ('idli', 3)]",0,175.57,2049,4,8.95,3.4872
ORD052204,REST1455,CUST07682,COUR0652,-37.8160013,144.9395197,2020-07-16,13:23:04,1,0,Motorbike,"[('fish', 1), ('sea food', 1), ('beef fry', 2)]",45,32.252,4147,8,8.26,4.7857
ORD337716,REST1046,CUST12814,COUR1345,-37.8196069,144.9634763,2020-03-30,15:01:58,0,0,Motorbike,"[('draught beer', 2), ('chicken curry', 3), ('fried rice', 3), ('fish fingers', 2)]",40,57.84,2698,5,9.04,3.2507
ORD093136,REST1046,CUST07545,COUR3783,-37.8121658,144.94205300000002,2020-07-01,17:40:13,0,0,Car,"[('draught beer', 1), ('murgh ghee roast', 1)]",0,15.13,2117,5,9.04,3.126
ORD033073,REST1046,CUST07156,COUR2126,-37.8158649,145.015594,2020-07-12,02:42:11,0,1,Car,"[('french fries', 1), ('fish fingers', 1), ('chicken curry', 3)]",45,32.34,8728,21,9.04,5.9864
ORD223926,REST1034,CUST06328,COUR0061,-37.8061449,144.9571708,2020-01-12,19:27:01,1,1,Car,"[('paneer lababdar', 3), ('mango lassi', 2), ('chilli chicken', 3), ('palak paneer', 1)]",20,87.864,2565,6,8.4,5.7801
ORD136129,REST0348,CUST04549,COUR4234,-37.8144011,144.9493105,2020-09-16,05:08:34,0,0,Motorbike,"[('makke ki roti', 3), ('lassi', 1), ('chole bhature', 1), ('paneer tikka', 2)]",40,74.022,2326,5,9.14,3.3481
ORD031309,REST0348,CUST07624,COUR0458,-37.8133291,144.939352,2020-09-09,01:27:01,0,0,Car,"[('dal makhani', 3), ('makke ki roti', 2)]",0,85.79,1430,3,9.14,2.7993
ORD299507,REST0348,CUST06719,COUR4166,-37.8080931,144.9731894,2020-10-12,02:54:03,0,0,Motorbike,"[('kheer', 3), ('chole bhature', 1), ('lassi', 2), ('paan ice cream', 3)]",45,64.999,3392,7,9.14,3.3431
ORD169863,REST1046,CUST04825,COUR0983,-37.80477020000001,144.9324692,2020-07-08,16:56:42,0,0,Car,"[('fried rice', 3), ('fish fingers', 2)]",45,34.144,3066,7,9.04,3.2098
ORD127692,REST1034,CUST09638,COUR3078,-37.8017216,145.004299,2020-10-21,05:48:07,0,0,Motorbike,"[('paneer lababdar', 2), ('dehati chicken', 1), ('palak paneer', 2)]",0,73.49,7010,14,8.4,4.4252
ORD166849,REST0348,CUST02953,COUR1688,-37.8011727,144.98337819999998,2020-07-18,04:13:11,0,1,Bike,"[('mutton curry', 1), ('paneer tikka', 3), ('lassi', 2), ('chicken tikka', 1)]",10,83.574,4857,24,9.14,5.6569
ORD271151,REST1046,CUST10682,COUR1689,-37.8159505,144.98600109999998,2020-09-09,17:00:39,0,0,Car,"[('chicken curry', 1), ('fish fingers', 2), ('draught beer', 2)]",0,57.64,4812,12,9.04,3.6699
ORD283058,REST1034,CUST00992,COUR4913,-37.8222431,144.96466519999998,2020-05-03,17:16:29,0,1,Bike,"[('manchurian', 2), ('chilli chicken', 3), ('mango lassi', 1), ('paneer lababdar', 3)]",0,97.03,3554,18,8.4,5.2126
ORD303167,REST0931,CUST02848,COUR3461,-37.821149600000005,144.9918618,2020-11-22,08:26:22,0,1,Motorbike,"[('masala dosa', 3), ('vada', 3)]",0,143.04,3387,7,8.95,4.3097
ORD117404,REST1455,CUST01304,COUR3276,-37.8029619,144.96210580000002,2020-07-06,20:38:14,0,0,Bike,"[('chicken curry', 2), ('sea food', 1), ('fish', 1)]",0,64.96,1398,7,8.26,3.3263
ORD236161,REST1034,CUST06685,COUR2844,-37.8075842,144.97085090000002,2020-02-28,01:27:01,0,0,Motorbike,"[('palak paneer', 1), ('chilli chicken', 1), ('butter chicken', 3)]",0,111.55,3435,7,8.4,3.6687
ORD119344,REST1455,CUST02168,COUR3982,-37.8043264,144.94729980000002,2020-09-25,17:28:21,0,0,Car,"[('fish', 2), ('appam', 1)]",10,29.061,2947,7,8.26,3.3487
ORD261900,REST1455,CUST05250,COUR4944,-37.8180095,144.9649241,2020-06-14,07:07:15,0,1,Car,"[('sea food', 3), ('beef fry', 1), ('fish', 1)]",0,69.37,2725,7,8.26,4.2453
ORD325426,REST1034,CUST10364,COUR0627,-37.8251949,144.99260869999998,2020-02-16,13:15:09,1,1,Motorbike,"[('palak paneer', 2), ('chilli chicken', 3), ('butter chicken', 2), ('mango lassi', 2)]",40,92.988,5814,12,8.4,6.4753
ORD154274,REST0348,CUST04295,COUR0020,-37.8245793,144.9903335,2020-11-03,02:38:14,0,0,Bike,"[('paan ice cream', 1), ('chicken tikka', 1), ('butter chicken', 1), ('lassi', 3)]",0,64.12,4930,25,9.14,5.2036
ORD212274,REST0931,CUST13877,COUR4482,-37.8167657,144.97009119999998,2020-09-18,12:07:54,1,0,Bike,"[('butter masala dosa', 1), ('vada', 3), ('chole', 1), ('masala dosa', 1)]",0,125.67,2465,12,8.95,5.4664
ORD211801,REST0931,CUST01913,COUR1504,-37.8265528,144.9724204,2020-03-20,02:14:30,0,0,Motorbike,"[('idli', 1), ('masala dosa', 1), ('upma', 2), ('tea', 1)]",10,90.144,3792,8,8.95,3.5013
ORD288128,REST1455,CUST00168,COUR2724,-37.7937749,144.9584623,2020-05-08,06:11:52,0,0,Motorbike,"[('chicken curry', 2), ('chicken stew', 2), ('fish', 2)]",40,61.128,2258,5,8.26,3.3558
ORD239678,REST1034,CUST03245,COUR4306,-37.8021102,144.9888496,2020-01-01,02:38:14,0,0,Motorbike,"[('butter chicken', 2), ('chilli chicken', 1), ('manchurian', 2)]",0,82.94,5548,11,8.4,3.7673
ORD171537,REST0348,CUST13212,COUR2637,-37.8205838,144.97671619999997,2020-02-25,23:32:18,0,0,Car,"[('paneer tikka', 3), ('makke ki roti', 3), ('dal makhani', 1)]",0,131.78,3856,9,9.14,3.5459
ORD146498,REST0348,CUST08644,COUR1375,-37.8062908,144.9591716,2020-05-06,23:12:31,0,0,Bike,"[('dal makhani', 3), ('lassi', 2)]",10,53.667,2576,13,9.14,3.7931
ORD319480,REST0348,CUST10825,COUR2291,-37.80803579999999,144.95757719999995,2020-06-12,07:23:04,0,0,Bike,"[('paneer tikka', 1), ('lassi', 2), ('kheer', 3)]",0,74.17,2292,11,9.14,3.8611
ORD070585,REST1046,CUST02686,COUR2529,-37.7996445,144.9700446,2020-03-10,05:44:10,0,0,Car,"[('fish fingers', 3), ('french fries', 3), ('beef chilli', 3)]",0,135.24,5199,12,9.04,3.6438
ORD096822,REST0931,CUST10426,COUR0551,-37.8209532,144.9541158,2020-06-04,18:35:36,1,0,Car,"[('filter coffee', 2), ('butter masala dosa', 3), ('masala dosa', 1)]",20,71.664,3994,10,8.95,4.7893
ORD175200,REST0348,CUST05773,COUR3125,-37.8112963,144.94402150000002,2020-12-06,18:15:49,1,1,Bike,"[('chicken tikka', 1), ('dal makhani', 1)]",0,26.32,2385,12,9.14,6.2006
ORD069660,REST0348,CUST03826,COUR3767,-37.7939847,144.9469908,2020-03-01,01:27:01,0,1,Bike,"[('lassi', 3), ('makke ki roti', 3), ('chicken tikka', 2)]",45,63.316,3332,17,9.14,5.3407
ORD134759,REST1455,CUST13187,COUR3472,-37.8197781,144.9767491,2020-07-17,15:09:53,0,0,Car,"[('beef fry', 3), ('chicken stew', 1), ('egg roast', 2)]",20,93.848,2685,6,8.26,3.3749
ORD339461,REST1046,CUST08341,COUR2102,-37.813179600000005,144.95153249999998,2020-03-06,09:25:42,0,0,Motorbike,"[('chicken curry', 1), ('murgh ghee roast', 3)]",0,34.17,2636,5,9.04,3.3267
ORD116954,REST1455,CUST06989,COUR1041,-37.8056348,144.953619,2020-10-22,23:32:18,0,0,Car,"[('appam', 3), ('beef fry', 1), ('chicken curry', 2), ('sea food', 1)]",20,92.344,2491,6,8.26,3.2521
ORD173626,REST1455,CUST09345,COUR2774,-37.8082812,144.976622,2020-04-28,11:48:07,0,0,Motorbike,"[('appam', 1), ('sea food', 3), ('fish', 1)]",10,59.139,1258,3,8.26,3.5121
ORD247256,REST1034,CUST01539,COUR0319,-37.811841,145.0027823,2020-06-25,14:22:25,0,0,Motorbike,"[('dehati chicken', 3), ('mango lassi', 1)]",40,15.564,6409,13,8.4,4.3441
ORD342831,REST0931,CUST09897,COUR1482,-37.8055935,144.9835296,2020-11-29,20:02:38,0,1,Bike,"[('vada', 3), ('tea', 1), ('upma', 2)]",45,72.507,1294,6,8.95,4.2609
ORD004114,REST1046,CUST03830,COUR0205,-37.81253529999999,144.9865756,2020-10-22,01:58:40,0,0,Bike,"[('fish fingers', 3), ('french fries', 2), ('draught beer', 2), ('fried rice', 2)]",0,121.1,5022,25,9.04,5.534
ORD066298,REST1034,CUST06872,COUR3663,-37.80620379999999,144.9594321,2020-09-29,01:34:56,0,0,Motorbike,"[('mango lassi', 1), ('chilli chicken', 2), ('paneer lababdar', 2)]",20,43.208,2558,5,8.4,3.2977
ORD213151,REST0931,CUST00755,COUR1966,-37.8137204,144.9610399,2020-11-30,23:16:29,0,0,Bike,"[('butter masala dosa', 2), ('masala dosa', 3), ('chole', 3), ('idli', 2)]",0,185.61,2729,14,8.95,3.9168
ORD240523,REST0931,CUST13838,COUR2486,-37.8201296,144.9586554,2020-04-19,02:10:32,0,1,Bike,"[('chole', 3), ('tea', 2)]",10,85.518,3545,18,8.95,5.2811
ORD306847,REST0931,CUST06932,COUR2269,-37.8058648,144.95596909999998,2020-09-04,18:55:23,1,0,Bike,"[('chole', 3), ('idli', 3)]",40,68.67,2785,14,8.95,5.4038
ORD192827,REST1034,CUST05440,COUR2603,-37.8146744,144.96354499999998,2020-09-12,01:50:46,0,1,Car,"[('manchurian', 3), ('palak paneer', 3), ('butter chicken', 3)]",0,177.99,3003,7,8.4,4.7449
ORD048212,REST1455,CUST12948,COUR2296,-37.8113498,144.95224319999997,2020-07-13,10:32:58,0,0,Motorbike,"[('chicken curry', 3), ('chicken stew', 1), ('appam', 3), ('egg roast', 3)]",10,171.405,2841,6,8.26,3.2198
ORD239345,REST0931,CUST04451,COUR4975,-37.8245991,144.9430126,2020-10-22,22:29:00,0,0,Bike,"[('vada', 3), ('masala dosa', 3), ('upma', 3)]",45,114.923,5121,26,8.95,5.3154
ORD292943,REST0931,CUST02512,COUR2141,-37.814061200000005,144.9999996,2020-09-24,14:30:19,0,0,Bike,"[('vada', 1), ('upma', 1), ('chole', 2)]",45,48.664,3455,17,8.95,4.4419
ORD129468,REST1046,CUST06651,COUR2814,-37.8214764,144.9450793,2020-12-16,12:27:41,1,0,Motorbike,"[('fish fingers', 1), ('fried rice', 1), ('beef chilli', 1), ('murgh ghee roast', 1)]",0,44.21,1449,3,9.04,4.5362
ORD112552,REST1455,CUST10739,COUR1219,-37.8122898,144.9903617,2020-03-12,08:06:35,0,0,Motorbike,"[('egg roast', 2), ('chicken curry', 2), ('chicken stew', 2), ('sea food', 2)]",0,155.34,2690,5,8.26,3.5214
ORD111158,REST0931,CUST04454,COUR0392,-37.825289,144.94270669999997,2020-09-27,22:48:47,0,1,Bike,"[('filter coffee', 3), ('idli', 1), ('upma', 3)]",20,114.368,5206,26,8.95,6.2576
ORD248893,REST0348,CUST10412,COUR4373,-37.8079165,144.97013710000002,2020-10-18,18:11:52,1,1,Car,"[('kheer', 2), ('mutton curry', 2), ('paan ice cream', 3), ('paneer tikka', 2)]",45,71.511,3579,9,9.14,6.0339
ORD287601,REST1046,CUST02818,COUR2989,-37.815282200000006,145.00293259999998,2020-11-21,07:42:51,0,1,Bike,"[('chicken curry', 3), ('draught beer', 1), ('fish fingers', 1)]",20,37.696,6545,33,9.04,6.7588
ORD192697,REST0931,CUST01854,COUR4840,-37.824904100000005,145.0086064,2020-11-28,05:24:23,0,1,Motorbike,"[('chole', 1), ('upma', 3)]",40,52.278,5139,10,8.95,4.8424
ORD017994,REST1455,CUST04758,COUR4268,-37.805344700000006,144.92884030000002,2020-06-24,09:41:32,0,0,Bike,"[('sea food', 1), ('fish', 1)]",0,23.34,4836,24,8.26,4.9519
ORD299261,REST1046,CUST10744,COUR2624,-37.81319129999999,144.9902056,2020-08-30,10:44:50,0,1,Motorbike,"[('murgh ghee roast', 2), ('chicken curry', 3), ('draught beer', 1), ('fried rice', 3)]",0,70.16,5417,11,9.04,4.7768
ORD349814,REST1034,CUST10543,COUR4406,-37.8045059,144.94792230000002,2020-12-27,08:58:01,0,1,Car,"[('paneer lababdar', 3), ('dehati chicken', 1)]",0,34.35,1993,5,8.4,4.4188
ORD001167,REST1455,CUST03276,COUR4887,-37.7988116,144.94891819999998,2020-02-12,16:21:05,0,0,Motorbike,"[('egg roast', 2), ('chicken stew', 1), ('fish', 1)]",0,73.51,2548,5,8.26,3.078
ORD151371,REST1455,CUST07562,COUR4335,-37.8007265,144.9843237,2020-11-13,15:53:24,0,0,Bike,"[('egg roast', 1), ('beef fry', 3)]",0,74.64,1060,5,8.26,3.7028
ORD026034,REST1034,CUST00836,COUR4562,-37.8161766,144.960877,2020-01-15,06:43:30,0,0,Bike,"[('dehati chicken', 1), ('butter chicken', 1), ('paneer lababdar', 2), ('mango lassi', 3)]",0,76.32,2754,14,8.4,4.1485
ORD177781,REST0931,CUST13959,COUR1721,-37.812384,144.9539514,2020-12-01,22:25:03,0,0,Bike,"[('idli', 1), ('chole', 2), ('butter masala dosa', 3), ('masala dosa', 2)]",0,132.48,3127,16,8.95,4.1473
ORD314748,REST0348,CUST04235,COUR3228,-37.8163099,144.98212769999998,2020-08-16,18:55:23,1,1,Car,"[('chicken tikka', 2), ('chole bhature', 2)]",0,53.72,3957,9,9.14,6.2521
ORD101974,REST0931,CUST10040,COUR4203,-37.8046273,144.96335569999997,2020-03-15,00:39:33,0,1,Motorbike,"[('idli', 2), ('masala dosa', 3), ('filter coffee', 3)]",0,164.81,1955,4,8.95,3.6802
ORD254284,REST1034,CUST02452,COUR4619,-37.8221065,144.9543077,2020-01-01,08:26:22,0,0,Car,"[('butter chicken', 3), ('paneer lababdar', 2), ('dehati chicken', 2)]",40,62.808,2923,7,8.4,3.2742
ORD333564,REST1046,CUST13677,COUR2782,-37.8191792,144.95401850000002,2020-08-28,06:59:20,0,0,Car,"[('fish fingers', 3), ('fried rice', 1), ('beef chilli', 3), ('french fries', 1)]",10,96.804,1976,5,9.04,2.866
ORD222895,REST0348,CUST09617,COUR4084,-37.8236288,144.9431858,2020-02-04,22:05:16,0,0,Bike,"[('mutton curry', 3), ('paan ice cream', 3)]",0,79.53,1442,7,9.14,3.7232
ORD146435,REST1455,CUST01385,COUR4090,-37.812584,144.967539,2020-03-16,19:23:04,1,0,Car,"[('chicken curry', 2), ('beef fry', 3), ('sea food', 3), ('fish', 1)]",0,146.29,1865,4,8.26,4.7234
ORD058687,REST1455,CUST03166,COUR1547,-37.8074388,144.97811299999998,2020-07-28,15:41:32,0,0,Car,"[('fish', 1), ('chicken stew', 1), ('sea food', 1), ('chicken curry', 3)]",45,58.713,1263,3,8.26,3.0115
ORD238785,REST0348,CUST06831,COUR0116,-37.8027408,144.9734085,2020-12-27,13:03:17,1,1,Bike,"[('chicken tikka', 1), ('paneer tikka', 1)]",0,29.71,3907,20,9.14,7.3651
ORD306762,REST1455,CUST03015,COUR3260,-37.8044436,144.97633340000002,2020-03-15,02:54:03,0,1,Bike,"[('egg roast', 3), ('fish', 3)]",10,83.268,754,4,8.26,3.9365
ORD146614,REST0348,CUST09606,COUR0307,-37.81307279999999,144.9635301,2020-12-02,13:27:01,1,0,Bike,"[('dal makhani', 1), ('paan ice cream', 1), ('makke ki roti', 2)]",0,73.11,2465,12,9.14,5.1273
ORD029868,REST1046,CUST00061,COUR4268,-37.8031905,144.9695871,2020-01-26,08:30:19,0,1,Bike,"[('draught beer', 3), ('beef chilli', 2), ('fish fingers', 3)]",10,82.764,4805,24,9.04,6.0427
ORD146234,REST0931,CUST00679,COUR3133,-37.7992307,145.0054592,2020-12-06,03:37:34,0,1,Bike,"[('upma', 3), ('masala dosa', 3), ('filter coffee', 1), ('chole', 1)]",10,160.2,2713,14,8.95,5.185
ORD122505,REST1455,CUST07623,COUR3303,-37.813352,144.9402417,2020-05-02,20:02:38,0,1,Car,"[('egg roast', 1), ('fish', 2), ('beef fry', 1)]",40,34.584,3912,9,8.26,4.6938
ORD094055,REST1455,CUST09450,COUR2681,-37.7874421,144.9804091,2020-11-22,18:43:30,1,1,Bike,"[('egg roast', 1), ('chicken curry', 3), ('fish', 1)]",0,93.27,1870,9,8.26,6.1886
ORD242187,REST1455,CUST07945,COUR4590,-37.8161425,144.97241019999998,2020-12-25,22:36:55,0,0,Bike,"[('appam', 3), ('chicken stew', 3), ('sea food', 2), ('beef fry', 2)]",0,168.59,2052,10,8.26,3.8832
ORD070459,REST1046,CUST07345,COUR1043,-37.820921000000006,144.9688934,2020-12-10,04:52:44,0,0,Car,"[('fish fingers', 3), ('murgh ghee roast', 1)]",0,65.89,3142,8,9.04,3.3709
ORD304444,REST1034,CUST00877,COUR0947,-37.8132186,144.9533315,2020-10-23,19:15:09,1,0,Motorbike,"[('dehati chicken', 2), ('palak paneer', 2), ('butter chicken', 1)]",0,84.78,1948,4,8.4,4.6012
ORD201263,REST0348,CUST08244,COUR3665,-37.8201466,144.95825209999998,2020-12-28,03:45:29,0,0,Bike,"[('kheer', 3), ('mutton curry', 3)]",0,72.12,1804,9,9.14,3.456
ORD221255,REST0931,CUST00681,COUR2586,-37.79929310000001,145.0056747,2020-10-17,21:13:50,0,1,Bike,"[('upma', 2), ('chole', 2), ('filter coffee', 1), ('tea', 3)]",45,84.403,2697,13,8.95,4.5954
ORD180403,REST1046,CUST10311,COUR4431,-37.8080672,144.96921830000002,2020-09-27,14:38:14,0,1,Car,"[('french fries', 2), ('murgh ghee roast', 2), ('fried rice', 3), ('draught beer', 3)]",20,77.024,4273,10,9.04,4.7355
ORD243910,REST0348,CUST00433,COUR2810,-37.819132200000006,144.9868121,2020-06-04,22:44:50,0,0,Car,"[('mutton curry', 3), ('butter chicken', 3)]",45,35.392,4407,11,9.14,3.703
ORD002766,REST1046,CUST01807,COUR3353,-37.7995634,144.9632243,2020-02-25,05:20:26,0,0,Motorbike,"[('fried rice', 1), ('chicken curry', 1), ('beef chilli', 3)]",0,40.08,4759,10,9.04,3.5479
ORD020584,REST1046,CUST03806,COUR0787,-37.8213826,144.946364,2020-04-18,12:35:36,1,1,Motorbike,"[('beef chilli', 1), ('fried rice', 3), ('french fries', 2)]",0,68.08,1325,3,9.04,5.4621
ORD045562,REST0348,CUST08362,COUR1000,-37.8141845,144.9518064,2020-05-31,01:46:48,0,1,Car,"[('lassi', 3), ('paneer tikka', 3)]",40,47.034,1439,3,9.14,4.1153
ORD347445,REST1455,CUST12611,COUR2975,-37.8042178,144.9488784,2020-10-08,02:06:35,0,0,Bike,"[('appam', 2), ('egg roast', 2), ('beef fry', 3)]",45,68.37,2788,14,8.26,3.9245
ORD131604,REST0931,CUST02210,COUR2523,-37.812267,144.9503742,2020-12-22,00:43:30,0,0,Motorbike,"[('vada', 2), ('masala dosa', 3)]",20,95.176,3479,7,8.95,3.2232
ORD145218,REST0931,CUST01202,COUR4526,-37.8046584,144.98881540000002,2020-11-06,22:13:11,0,0,Motorbike,"[('tea', 3), ('butter masala dosa', 2), ('chole', 1), ('masala dosa', 2)]",45,73.007,1521,3,8.95,2.8391
ORD249551,REST1034,CUST07863,COUR3589,-37.816648,144.983918,2020-09-03,22:52:44,0,0,Car,"[('mango lassi', 3), ('butter chicken', 3), ('palak paneer', 1), ('dehati chicken', 2)]",20,109.36,4983,12,8.4,3.8611
ORD049690,REST0348,CUST02466,COUR3276,-37.80109229999999,144.9987518,2020-01-23,08:02:38,0,0,Bike,"[('lassi', 1), ('chicken tikka', 3), ('chole bhature', 1), ('paan ice cream', 2)]",45,50.066,6338,32,9.14,5.9455
ORD118912,REST1046,CUST09102,COUR0540,-37.8220154,144.95977240000002,2020-12-29,13:11:12,1,0,Bike,"[('fried rice', 2), ('draught beer', 3), ('fish fingers', 1), ('french fries', 3)]",10,96.462,2952,15,9.04,5.9684
ORD326382,REST1455,CUST12701,COUR2508,-37.8036948,144.9497835,2020-08-26,07:50:46,0,0,Bike,"[('sea food', 2), ('chicken curry', 2)]",0,70.0,2702,14,8.26,4.2252
ORD010000,REST0348,CUST04411,COUR1163,-37.8250564,144.9461365,2020-04-07,07:30:59,0,0,Motorbike,"[('chicken tikka', 2), ('butter chicken', 2)]",20,36.368,1167,2,9.14,3.0257
ORD226324,REST1455,CUST00301,COUR3495,-37.8020987,144.959614,2020-10-26,08:02:38,0,0,Motorbike,"[('appam', 2), ('chicken curry', 3)]",20,72.328,1598,3,8.26,3.4561
ORD113710,REST1034,CUST06648,COUR0265,-37.824062,144.9848639,2020-05-20,14:38:14,0,0,Car,"[('butter chicken', 2), ('chilli chicken', 2)]",0,75.44,5242,13,8.4,4.0645
ORD061842,REST1046,CUST05085,COUR4799,-37.8216889,144.95512319999995,2020-08-01,13:15:09,1,1,Bike,"[('fish fingers', 2), ('draught beer', 3)]",0,56.5,1932,10,9.04,6.4791
ORD261630,REST1046,CUST03285,COUR2562,-37.8054726,144.94855869999998,2020-04-11,06:39:33,0,1,Bike,"[('fried rice', 3), ('french fries', 1), ('draught beer', 1), ('fish fingers', 2)]",0,86.12,3178,16,9.04,5.323
ORD020629,REST0348,CUST01724,COUR1035,-37.8161217,144.9725398,2020-08-17,16:48:47,0,0,Bike,"[('dal makhani', 2), ('chicken tikka', 1)]",10,36.423,3149,16,9.14,4.5757
ORD230799,REST1455,CUST07754,COUR0667,-37.813309100000005,144.96485900000002,2020-04-23,10:36:55,0,0,Car,"[('chicken stew', 1), ('sea food', 1), ('chicken curry', 3)]",45,53.68,2146,5,8.26,3.3977
ORD116992,REST1046,CUST08434,COUR1223,-37.8042311,144.9631878,2020-03-16,18:55:23,1,0,Motorbike,"[('fish fingers', 1), ('fried rice', 3), ('chicken curry', 2), ('beef chilli', 3)]",0,82.46,4308,9,9.04,5.1655
ORD228788,REST0348,CUST00448,COUR1328,-37.8178344,144.95050590000002,2020-01-26,00:07:54,0,1,Bike,"[('dal makhani', 1), ('chole bhature', 1), ('kheer', 3), ('mutton curry', 1)]",10,71.262,881,4,9.14,4.1812
ORD157477,REST1455,CUST06637,COUR3649,-37.8256816,144.98477490000002,2020-10-16,17:12:31,0,0,Car,"[('chicken curry', 2), ('chicken stew', 3)]",0,104.56,3660,9,8.26,3.2985
ORD020088,REST1034,CUST09970,COUR1182,-37.804963,144.97872030000002,2020-01-25,20:46:09,0,1,Car,"[('chilli chicken', 3), ('dehati chicken', 2), ('palak paneer', 3), ('paneer lababdar', 3)]",0,152.01,4933,12,8.4,5.0266
ORD010788,REST1455,CUST05004,COUR1569,-37.8130266,144.9710999,2020-07-18,11:44:10,0,1,Bike,"[('appam', 1), ('fish', 3), ('beef fry', 2), ('egg roast', 3)]",0,141.81,1713,9,8.26,4.7963
ORD300738,REST1034,CUST02897,COUR3886,-37.806756400000005,144.9877288,2020-08-17,18:43:30,1,0,Bike,"[('dehati chicken', 1), ('paneer lababdar', 3), ('palak paneer', 3)]",0,107.4,5027,25,8.4,6.5771
ORD128504,REST1046,CUST07998,COUR1294,-37.81971729999999,145.0108716,2020-10-05,05:04:36,0,0,Motorbike,"[('murgh ghee roast', 1), ('chicken curry', 2), ('fish fingers', 3), ('french fries', 1)]",45,54.115,6971,14,9.04,4.2889
ORD289521,REST1046,CUST02758,COUR2993,-37.8100887,145.0002385,2020-01-09,18:23:44,1,0,Motorbike,"[('french fries', 2), ('murgh ghee roast', 2)]",0,53.62,6453,13,9.04,5.5821
ORD336193,REST1455,CUST08284,COUR0499,-37.820997,144.9551426,2020-02-02,10:17:08,0,1,Bike,"[('fish', 3), ('chicken curry', 2), ('egg roast', 1), ('appam', 3)]",0,132.73,3659,18,8.26,5.5898
ORD072171,REST0348,CUST10967,COUR2365,-37.807198,144.94871519999998,2020-12-16,04:25:03,0,0,Car,"[('mutton curry', 3), ('paan ice cream', 3), ('paneer tikka', 3)]",0,132.15,1913,5,9.14,3.2327
ORD153627,REST0348,CUST03685,COUR0980,-37.8061396,144.977778,2020-06-17,13:23:04,1,0,Bike,"[('makke ki roti', 1), ('chicken tikka', 2), ('lassi', 3)]",0,71.78,4015,20,9.14,6.1913
ORD177611,REST0931,CUST12080,COUR0723,-37.8205151,144.9272465,2020-05-30,23:20:26,0,1,Car,"[('butter masala dosa', 2), ('masala dosa', 1)]",20,32.696,6612,16,8.95,5.2959
ORD335332,REST1455,CUST01628,COUR3416,-37.8137352,145.006257,2020-07-30,05:08:34,0,0,Car,"[('beef fry', 3), ('sea food', 3), ('egg roast', 3), ('appam', 2)]",0,188.57,4117,10,8.26,3.3613
ORD071088,REST1455,CUST13508,COUR2746,-37.823717,144.9376977,2020-12-08,07:54:43,0,0,Car,"[('chicken curry', 2), ('egg roast', 2), ('appam', 3), ('beef fry', 3)]",20,143.936,5418,13,8.26,4.1112
ORD053300,REST0348,CUST08149,COUR2631,-37.8180982,144.9951106,2020-12-29,22:17:08,0,0,Bike,"[('chicken tikka', 1), ('makke ki roti', 3), ('kheer', 2), ('butter chicken', 3)]",20,108.128,5193,26,9.14,5.0254
ORD017698,REST1455,CUST08622,COUR4031,-37.8098238,144.976572,2020-12-06,12:03:57,1,1,Car,"[('egg roast', 1), ('chicken curry', 3), ('appam', 1), ('beef fry', 1)]",0,115.76,1681,4,8.26,5.7227
ORD326305,REST0348,CUST08832,COUR1809,-37.8066144,144.96146159999998,2020-10-29,00:55:23,0,0,Car,"[('kheer', 3), ('dal makhani', 3), ('chicken tikka', 1), ('makke ki roti', 3)]",0,159.08,2680,6,9.14,3.3238
ORD069605,REST1455,CUST13027,COUR1952,-37.8124144,144.95359380000002,2020-11-07,12:00:00,1,1,Bike,"[('appam', 2), ('beef fry', 3)]",20,64.744,2838,14,8.26,6.6843
ORD053048,REST0931,CUST08192,COUR2450,-37.8177512,145.0054342,2020-12-11,13:38:54,1,0,Bike,"[('butter masala dosa', 1), ('masala dosa', 1), ('filter coffee', 2), ('vada', 2)]",0,120.46,4205,21,8.95,6.1583
ORD340534,REST1046,CUST09933,COUR4452,-37.8176784,144.9512757,2020-02-18,02:26:22,0,0,Motorbike,"[('murgh ghee roast', 1), ('beef chilli', 1), ('french fries', 1), ('chicken curry', 2)]",0,49.69,2082,4,9.04,3.2933
ORD091482,REST0931,CUST01608,COUR2196,-37.8195513,144.99316409999997,2020-03-11,01:34:56,0,0,Bike,"[('tea', 3), ('filter coffee', 3), ('butter masala dosa', 1)]",0,115.79,3435,17,8.95,4.4105
ORD083279,REST0931,CUST02006,COUR0149,-37.8011319,144.95278019999998,2020-11-24,12:51:25,1,0,Car,"[('vada', 2), ('butter masala dosa', 1)]",0,56.77,2702,6,8.95,4.6555
ORD088721,REST1046,CUST06510,COUR4708,-37.8248451,144.98282609999998,2020-01-03,17:40:13,0,0,Car,"[('murgh ghee roast', 3), ('draught beer', 3), ('fried rice', 1), ('fish fingers', 3)]",0,110.37,4672,11,9.04,3.7943
ORD226929,REST1455,CUST06402,COUR4696,-37.8230928,144.9891554,2020-05-26,08:06:35,0,0,Car,"[('chicken stew', 2), ('sea food', 1), ('appam', 1), ('chicken curry', 3)]",0,132.57,3487,8,8.26,3.1332
ORD196636,REST1046,CUST03499,COUR4723,-37.8134235,144.93813319999998,2020-06-15,19:46:48,1,0,Car,"[('fish fingers', 3), ('beef chilli', 2), ('murgh ghee roast', 1), ('chicken curry', 3)]",10,93.897,1735,4,9.04,4.6582
ORD213011,REST1455,CUST03926,COUR2911,-37.8211331,144.9474792,2020-01-03,11:12:31,0,0,Motorbike,"[('egg roast', 2), ('fish', 1), ('appam', 2), ('chicken stew', 2)]",0,122.47,4086,8,8.26,3.7589
ORD119020,REST0348,CUST12437,COUR4751,-37.7999791,144.99440090000002,2020-08-21,19:34:56,1,0,Car,"[('lassi', 2), ('makke ki roti', 2)]",0,60.52,5970,14,9.14,5.6602
ORD197698,REST1034,CUST06568,COUR2141,-37.82528789999999,144.9846769,2020-10-19,19:58:40,1,0,Bike,"[('palak paneer', 3), ('paneer lababdar', 2), ('mango lassi', 1), ('manchurian', 1)]",20,89.072,5378,27,8.4,7.0558
ORD035191,REST0348,CUST11009,COUR4489,-37.8034609,144.96238390000002,2020-06-19,07:30:59,0,0,Motorbike,"[('chole bhature', 1), ('kheer', 3)]",0,54.14,3082,6,9.14,3.399
ORD014740,REST1455,CUST03984,COUR1755,-37.8243506,144.9438143,2020-01-27,14:22:25,0,0,Motorbike,"[('beef fry', 2), ('fish', 3), ('sea food', 3), ('egg roast', 2)]",0,148.7,4815,10,8.26,3.6589
ORD196524,REST1034,CUST00305,COUR2528,-37.8019703,144.9584927,2020-11-24,19:23:04,1,0,Motorbike,"[('chilli chicken', 3), ('manchurian', 1), ('paneer lababdar', 1), ('dehati chicken', 3)]",0,75.75,2953,6,8.4,4.8751
ORD230885,REST1455,CUST09112,COUR2239,-37.8155909,144.95264,2020-09-25,14:54:03,0,0,Bike,"[('egg roast', 1), ('chicken stew', 3), ('chicken curry', 1), ('appam', 2)]",0,133.42,3079,15,8.26,4.1949
ORD021846,REST1034,CUST11057,COUR0181,-37.8076972,144.9554438,2020-11-11,18:03:57,1,0,Bike,"[('palak paneer', 2), ('manchurian', 3), ('dehati chicken', 3)]",0,96.43,2012,10,8.4,4.8811
ORD254451,REST1034,CUST10584,COUR4634,-37.8066068,144.9324524,2020-08-28,12:47:28,1,0,Car,"[('butter chicken', 1), ('chilli chicken', 2), ('manchurian', 1)]",0,60.94,1199,3,8.4,4.6513
ORD042662,REST0348,CUST09652,COUR3563,-37.8016696,145.0035507,2020-11-14,00:55:23,0,1,Car,"[('kheer', 2), ('chole bhature', 1)]",0,40.99,6678,16,9.14,5.1253
ORD224657,REST1034,CUST04563,COUR4753,-37.8142701,144.94938380000002,2020-07-07,09:17:48,0,0,Bike,"[('palak paneer', 1), ('butter chicken', 1), ('dehati chicken', 2)]",40,36.258,2261,11,8.4,3.8207
ORD095017,REST1455,CUST12966,COUR1017,-37.811325,144.9527981,2020-08-11,04:09:13,0,0,Motorbike,"[('chicken stew', 3), ('chicken curry', 2)]",40,62.736,2779,6,8.26,3.0977
ORD033514,REST1455,CUST08408,COUR1865,-37.8026319,144.9636393,2020-11-22,14:34:17,0,1,Car,"[('sea food', 2), ('fish', 3), ('chicken stew', 3), ('egg roast', 3)]",45,101.112,1272,3,8.26,3.5959
ORD313746,REST1455,CUST07674,COUR3722,-37.8031045,144.9905,2020-05-02,07:50:46,0,1,Car,"[('chicken stew', 3), ('fish', 2), ('chicken curry', 3), ('sea food', 2)]",45,94.628,1894,5,8.26,4.4205
ORD023803,REST1455,CUST08225,COUR4284,-37.8262599,144.9288674,2020-01-17,18:00:00,1,0,Car,"[('appam', 1), ('fish', 3)]",0,41.44,6432,15,8.26,5.717
ORD012020,REST1455,CUST12970,COUR1195,-37.8120246,144.95182680000002,2020-05-09,18:35:36,1,1,Car,"[('chicken stew', 2), ('chicken curry', 3)]",45,57.414,2915,7,8.26,6.1063
ORD182316,REST0931,CUST09551,COUR2858,-37.8256878,144.99790009999998,2020-07-21,10:32:58,0,0,Bike,"[('upma', 1), ('vada', 2), ('masala dosa', 2)]",20,93.864,4240,21,8.95,4.8299
ORD297980,REST0931,CUST02047,COUR3323,-37.801818,144.95128200000002,2020-01-21,18:27:41,1,0,Motorbike,"[('vada', 1), ('chole', 2), ('idli', 1), ('masala dosa', 3)]",20,123.416,2918,6,8.95,4.8787
ORD303069,REST1046,CUST02886,COUR2777,-37.8041542,144.9642024,2020-07-16,06:31:38,0,0,Bike,"[('murgh ghee roast', 1), ('fried rice', 1), ('draught beer', 3)]",45,19.542,4400,22,9.04,4.7528
ORD182642,REST0348,CUST12001,COUR1360,-37.8154735,144.9921706,2020-07-24,08:22:25,0,0,Car,"[('dal makhani', 1), ('paneer tikka', 3), ('makke ki roti', 1)]",0,88.44,4995,12,9.14,3.9696
ORD025766,REST1455,CUST07717,COUR4521,-37.79979470000001,144.9552864,2020-07-05,19:07:15,1,1,Car,"[('chicken stew', 1), ('sea food', 3)]",20,50.84,1841,4,8.26,5.6445
ORD002665,REST1046,CUST10707,COUR4209,-37.8140575,144.9901368,2020-10-13,21:29:40,0,0,Car,"[('chicken curry', 2), ('french fries', 1)]",0,32.5,5371,13,9.04,4.1495
ORD262745,REST0931,CUST10377,COUR0812,-37.8251249,144.99199380000002,2020-07-25,16:32:58,0,1,Motorbike,"[('tea', 2), ('filter coffee', 2)]",40,42.864,3890,8,8.95,4.1541
ORD028083,REST1455,CUST07216,COUR2629,-37.8102268,144.9708867,2020-08-06,07:23:04,0,0,Car,"[('fish', 2), ('chicken curry', 2)]",0,59.92,1407,3,8.26,3.286
ORD133008,REST1034,CUST07614,COUR0540,-37.8140484,144.9379666,2020-09-05,01:11:12,0,1,Bike,"[('butter chicken', 1), ('palak paneer', 1), ('paneer lababdar', 3)]",0,77.77,358,2,8.4,4.0153
ORD172746,REST1034,CUST03300,COUR0103,-37.8100015,144.9447414,2020-01-23,00:07:54,0,0,Car,"[('mango lassi', 2), ('palak paneer', 2)]",10,59.904,1246,3,8.4,3.0633
ORD062604,REST0348,CUST11564,COUR0754,-37.8059765,145.01378,2020-05-06,14:46:09,0,0,Bike,"[('chicken tikka', 1), ('chole bhature', 2), ('kheer', 3)]",40,48.6,7379,37,9.14,6.2987
ORD283600,REST1455,CUST04581,COUR1914,-37.8144265,144.9488639,2020-03-17,16:48:47,0,0,Bike,"[('fish', 1), ('appam', 2)]",10,33.417,4112,21,8.26,5.033
ORD105293,REST1046,CUST05705,COUR2159,-37.8166589,144.93749330000003,2020-10-23,11:12:31,0,0,Bike,"[('beef chilli', 3), ('murgh ghee roast', 1)]",0,33.67,1310,7,9.04,3.1976
ORD331612,REST0931,CUST04602,COUR1529,-37.8111305,144.945186,2020-07-25,05:28:21,0,1,Motorbike,"[('idli', 3), ('butter masala dosa', 2)]",10,61.245,4758,10,8.95,4.5643
ORD160531,REST1046,CUST01286,COUR3327,-37.8027963,144.9749412,2020-06-10,11:20:26,0,0,Bike,"[('chicken curry', 2), ('draught beer', 1)]",0,20.82,5116,26,9.04,4.8778
ORD041558,REST1455,CUST11475,COUR3725,-37.8223963,144.94763419999998,2020-12-27,17:56:02,0,1,Car,"[('sea food', 2), ('fish', 1), ('chicken stew', 2), ('egg roast', 2)]",40,73.722,4235,10,8.26,4.8307
ORD035282,REST1455,CUST08990,COUR3846,-37.8093125,144.9581717,2020-11-08,01:34:56,0,1,Car,"[('sea food', 3), ('egg roast', 1), ('chicken stew', 3)]",0,127.2,2191,5,8.26,4.3877
ORD315806,REST1455,CUST00481,COUR4413,-37.8185297,144.94844840000002,2020-02-18,22:56:42,0,0,Motorbike,"[('chicken curry', 2), ('fish', 1), ('chicken stew', 2), ('beef fry', 2)]",0,128.03,3797,8,8.26,3.4094
ORD046552,REST1046,CUST09335,COUR3543,-37.82001,144.96136919999998,2020-09-24,14:18:27,0,0,Motorbike,"[('murgh ghee roast', 2), ('chicken curry', 3), ('fried rice', 3)]",20,51.184,2494,5,9.04,3.1046
ORD204218,REST1455,CUST08503,COUR0341,-37.8163952,144.9381699,2020-02-15,05:56:02,0,1,Motorbike,"[('appam', 2), ('egg roast', 3), ('sea food', 2)]",0,121.43,4293,9,8.26,4.7117
ORD332866,REST0931,CUST07848,COUR4870,-37.8167103,144.98435849999998,2020-06-27,06:59:20,0,1,Car,"[('upma', 3), ('chole', 1), ('masala dosa', 2), ('filter coffee', 3)]",0,194.47,2500,6,8.95,4.5639
ORD183487,REST0931,CUST11566,COUR4841,-37.7993323,144.9837031,2020-12-06,01:19:07,0,1,Bike,"[('butter masala dosa', 1), ('idli', 3), ('chole', 2)]",0,101.86,617,3,8.95,4.0144
ORD015846,REST1034,CUST08725,COUR2758,-37.799704600000005,144.9550666,2020-09-07,05:28:21,0,0,Car,"[('chilli chicken', 2), ('dehati chicken', 3), ('mango lassi', 2), ('paneer lababdar', 3)]",20,71.608,2781,7,8.4,3.4226
ORD115841,REST1046,CUST03643,COUR0671,-37.8029891,144.967552,2020-06-17,12:59:20,1,0,Bike,"[('french fries', 1), ('fried rice', 3), ('beef chilli', 1)]",20,40.176,4764,24,9.04,6.6995
ORD248397,REST1034,CUST08392,COUR3519,-37.8010594,144.9637848,2020-07-01,15:45:29,0,0,Motorbike,"[('butter chicken', 2), ('mango lassi', 2)]",0,67.34,3363,7,8.4,3.7011
ORD153734,REST0931,CUST05250,COUR4852,-37.8180095,144.9649241,2020-04-12,10:13:11,0,1,Bike,"[('masala dosa', 3), ('chole', 2), ('idli', 1)]",0,130.2,2933,15,8.95,4.9479
ORD089237,REST0348,CUST05262,COUR1926,-37.81799229999999,144.96743030000002,2020-04-08,00:27:41,0,0,Car,"[('mutton curry', 3), ('lassi', 1), ('makke ki roti', 1), ('kheer', 1)]",20,60.864,2682,6,9.14,3.211
ORD047712,REST1046,CUST02618,COUR4007,-37.8086358,144.9600405,2020-09-16,16:25:03,0,0,Motorbike,"[('draught beer', 3), ('chicken curry', 3)]",45,22.275,3705,7,9.04,3.0604
ORD218720,REST1046,CUST09763,COUR0671,-37.8214425,144.9450779,2020-11-05,04:09:13,0,0,Bike,"[('french fries', 3), ('fish fingers', 2)]",0,91.54,1453,7,9.04,3.3571
ORD309198,REST1046,CUST06236,COUR1931,-37.8151285,144.9378208,2020-11-24,19:15:09,1,0,Bike,"[('chicken curry', 1), ('fried rice', 2)]",40,14.04,1498,7,9.04,4.7905
ORD161085,REST1455,CUST08489,COUR4704,-37.8009705,144.9567062,2020-12-13,01:07:15,0,1,Car,"[('beef fry', 2), ('fish', 3)]",0,62.75,1785,4,8.26,4.1997
ORD073943,REST1046,CUST08215,COUR2612,-37.8168054,144.9994699,2020-02-20,00:55:23,0,0,Bike,"[('french fries', 3), ('fish fingers', 1), ('draught beer', 2), ('beef chilli', 3)]",45,60.302,6067,30,9.04,5.8128
ORD190811,REST1455,CUST13153,COUR4020,-37.8081963,144.97684990000002,2020-10-28,11:24:23,0,0,Motorbike,"[('fish', 3), ('chicken curry', 1), ('sea food', 1)]",10,56.205,1262,3,8.26,2.9455
ORD178142,REST1046,CUST03049,COUR0459,-37.7987505,144.9676581,2020-08-29,03:21:45,0,1,Motorbike,"[('chicken curry', 2), ('french fries', 3), ('fried rice', 2)]",20,67.44,5165,10,9.04,4.4471
ORD180655,REST0348,CUST06693,COUR3507,-37.8074687,144.9708683,2020-08-11,12:15:49,1,0,Car,"[('chicken tikka', 1), ('mutton curry', 1)]",40,13.836,3181,8,9.14,4.5724
ORD117472,REST0348,CUST00442,COUR4327,-37.81513270000001,144.9449192,2020-01-22,15:49:27,0,0,Bike,"[('chole bhature', 3), ('makke ki roti', 2), ('butter chicken', 3), ('paan ice cream', 3)]",45,91.273,756,4,9.14,3.0984
ORD002692,REST0348,CUST04476,COUR1566,-37.81846029999999,144.97359640000002,2020-12-03,17:32:18,0,0,Car,"[('dal makhani', 3), ('chicken tikka', 2), ('paneer tikka', 2), ('mutton curry', 1)]",20,90.208,3232,8,9.14,3.313
ORD167530,REST0931,CUST06379,COUR3402,-37.8149256,144.9451166,2020-11-28,16:44:50,0,1,Car,"[('butter masala dosa', 1), ('tea', 3), ('filter coffee', 2)]",0,95.75,3957,9,8.95,4.514
ORD197708,REST1046,CUST05322,COUR1754,-37.8117563,144.9635572,2020-04-17,11:52:05,0,0,Bike,"[('draught beer', 1), ('fish fingers', 3)]",20,50.496,3477,17,9.04,4.465
ORD054316,REST0348,CUST11283,COUR1908,-37.8238631,144.9816201,2020-10-08,20:26:22,0,0,Bike,"[('dal makhani', 3), ('lassi', 1), ('butter chicken', 2)]",45,39.688,4363,22,9.14,4.726
ORD233624,REST0348,CUST06789,COUR3246,-37.8058079,144.94606169999997,2020-09-18,20:14:30,0,0,Car,"[('butter chicken', 2), ('lassi', 1), ('dal makhani', 1), ('paan ice cream', 1)]",20,47.584,2093,5,9.14,3.1574
ORD224568,REST0348,CUST09094,COUR1005,-37.8238818,145.0129586,2020-08-23,04:56:42,0,1,Motorbike,"[('chicken tikka', 3), ('paneer tikka', 3)]",40,53.478,7117,14,9.14,5.1738
ORD282890,REST1046,CUST09977,COUR0857,-37.82054829999999,144.9540667,2020-03-17,19:15:09,1,0,Motorbike,"[('beef chilli', 2), ('fried rice', 3)]",40,24.36,1992,4,9.04,4.7947
ORD183588,REST1455,CUST07255,COUR3402,-37.8213625,144.94906569999998,2020-07-22,22:05:16,0,0,Car,"[('egg roast', 3), ('fish', 3), ('beef fry', 3)]",40,87.282,4046,10,8.26,3.6905
ORD170721,REST1046,CUST12486,COUR2987,-37.8190395,144.9525645,2020-12-24,10:25:03,0,0,Bike,"[('french fries', 3), ('beef chilli', 1)]",0,61.82,1952,10,9.04,3.526
ORD203179,REST1034,CUST01297,COUR3453,-37.8067779,144.97348190000002,2020-11-12,18:19:46,1,0,Bike,"[('mango lassi', 1), ('chilli chicken', 2), ('manchurian', 3)]",45,36.086,3761,19,8.4,6.0804
ORD301142,REST0348,CUST09775,COUR3287,-37.800036,144.9633442,2020-06-22,22:40:52,0,0,Car,"[('mutton curry', 3), ('chole bhature', 2)]",40,37.23,3497,8,9.14,3.3248
ORD310393,REST1034,CUST05927,COUR0093,-37.8201809,144.9669521,2020-04-15,06:07:54,0,0,Car,"[('manchurian', 2), ('mango lassi', 3), ('palak paneer', 3), ('butter chicken', 2)]",0,169.8,3685,9,8.4,3.5548
ORD278270,REST0348,CUST05955,COUR4582,-37.8203127,144.9655996,2020-01-08,02:46:09,0,0,Bike,"[('makke ki roti', 1), ('chole bhature', 2), ('paneer tikka', 3)]",45,57.018,2696,13,9.14,3.6785
ORD156349,REST0931,CUST07541,COUR1511,-37.812821500000005,144.9431476,2020-05-09,21:33:37,0,1,Motorbike,"[('vada', 3), ('idli', 2)]",0,106.07,4119,8,8.95,4.939
ORD189539,REST1034,CUST02796,COUR4376,-37.81859229999999,145.0052383,2020-06-14,02:26:22,0,1,Car,"[('paneer lababdar', 2), ('manchurian', 1)]",0,29.36,6924,17,8.4,5.4822
ORD061648,REST1455,CUST13890,COUR4924,-37.8154518,144.966669,2020-12-21,16:36:55,0,0,Bike,"[('sea food', 1), ('fish', 1), ('appam', 2)]",0,51.32,2285,11,8.26,3.8521
ORD160632,REST1455,CUST10441,COUR4058,-37.807309,144.99881069999998,2020-02-15,13:38:54,1,1,Car,"[('appam', 2), ('egg roast', 2)]",45,39.248,2837,7,8.26,6.0898
ORD018340,REST1034,CUST11701,COUR3830,-37.8097941,144.9931233,2020-04-04,12:43:30,1,1,Motorbike,"[('butter chicken', 2), ('mango lassi', 1), ('manchurian', 2), ('palak paneer', 1)]",0,103.24,5441,11,8.4,6.5181
ORD022298,REST0931,CUST01688,COUR4449,-37.822751700000005,145.0039638,2020-09-27,14:46:09,0,1,Bike,"[('vada', 2), ('masala dosa', 2), ('tea', 2), ('upma', 3)]",10,173.367,4517,23,8.95,6.2321
ORD093287,REST1046,CUST12649,COUR3532,-37.8035906,144.9502186,2020-02-03,21:37:34,0,0,Bike,"[('beef chilli', 2), ('fried rice', 2), ('fish fingers', 1)]",0,51.54,3499,17,9.04,4.2881
ORD301448,REST1034,CUST07542,COUR4351,-37.8120556,144.9417989,2020-12-22,22:17:08,0,0,Motorbike,"[('chilli chicken', 2), ('manchurian', 1), ('mango lassi', 1)]",40,27.078,878,2,8.4,3.1376
ORD231142,REST0931,CUST00887,COUR1941,-37.814637700000006,144.95387639999998,2020-03-11,21:49:27,0,0,Bike,"[('chole', 3), ('filter coffee', 3), ('tea', 1), ('masala dosa', 1)]",45,89.688,3278,16,8.95,4.4297
ORD269820,REST1046,CUST05032,COUR1421,-37.8094181,144.9726915,2020-05-10,03:17:48,0,1,Car,"[('draught beer', 1), ('french fries', 1)]",20,19.232,4298,10,9.04,4.6925
ORD012743,REST1046,CUST10409,COUR3094,-37.8079968,144.9704276,2020-06-30,16:13:11,0,0,Motorbike,"[('fried rice', 2), ('french fries', 3)]",40,41.796,4386,9,9.04,3.8498
ORD254125,REST0348,CUST00750,COUR4387,-37.8135393,144.9616656,2020-05-04,21:21:45,0,0,Motorbike,"[('kheer', 2), ('butter chicken', 1), ('paneer tikka', 1)]",0,54.4,2162,4,9.14,3.059
ORD058343,REST0931,CUST02411,COUR1615,-37.7991553,144.9806399,2020-02-20,15:17:48,0,0,Car,"[('masala dosa', 3), ('filter coffee', 3), ('butter masala dosa', 2), ('upma', 3)]",0,214.12,264,1,8.95,2.5583
ORD152527,REST1455,CUST05967,COUR0094,-37.8204679,144.9660046,2020-01-29,11:52:05,0,0,Bike,"[('egg roast', 1), ('chicken curry', 2)]",0,63.31,3069,15,8.26,4.2202
ORD333631,REST1034,CUST12089,COUR3781,-37.799333,144.963155,2020-07-29,14:18:27,0,0,Bike,"[('mango lassi', 3), ('butter chicken', 3)]",10,90.909,3518,18,8.4,4.4414
ORD250685,REST1455,CUST08663,COUR3848,-37.8010997,144.9607876,2020-02-28,04:48:47,0,0,Car,"[('appam', 1), ('chicken curry', 3)]",45,42.031,1411,3,8.26,3.0608
ORD112888,REST1034,CUST07334,COUR2884,-37.81994279999999,144.96865469999997,2020-08-12,23:48:07,0,0,Motorbike,"[('dehati chicken', 3), ('mango lassi', 3), ('manchurian', 1)]",10,48.636,3682,7,8.4,3.6512
ORD039898,REST1046,CUST06568,COUR2997,-37.82528789999999,144.9846769,2020-07-08,18:35:36,1,0,Bike,"[('fried rice', 3), ('french fries', 1)]",20,33.584,4724,24,9.04,6.5262
ORD245123,REST0348,CUST04315,COUR4851,-37.8178148,144.9746359,2020-05-19,10:05:16,0,0,Car,"[('butter chicken', 3), ('dal makhani', 2), ('lassi', 2), ('mutton curry', 3)]",0,109.83,3384,8,9.14,3.3853
ORD066866,REST0348,CUST10284,COUR1222,-37.8176728,144.969795,2020-05-01,17:48:07,0,0,Motorbike,"[('makke ki roti', 2), ('lassi', 2), ('mutton curry', 2)]",45,45.265,2989,6,9.14,3.2957
ORD139406,REST1046,CUST13117,COUR4549,-37.8253994,144.9507166,2020-01-19,22:36:55,0,1,Car,"[('beef chilli', 1), ('murgh ghee roast', 1), ('french fries', 2), ('fried rice', 3)]",45,42.366,1882,5,9.04,4.117
ORD242739,REST1455,CUST04082,COUR4792,-37.820782,144.9824636,2020-09-21,13:38:54,1,0,Car,"[('chicken curry', 2), ('fish', 3), ('chicken stew', 3), ('sea food', 1)]",45,80.41,3101,7,8.26,4.8817
ORD257482,REST1034,CUST10774,COUR0624,-37.8211152,144.9577686,2020-11-23,00:35:36,0,0,Bike,"[('dehati chicken', 2), ('butter chicken', 2), ('palak paneer', 1), ('paneer lababdar', 2)]",0,104.29,2717,14,8.4,3.8143
ORD102469,REST0348,CUST12495,COUR3520,-37.8187703,144.9529982,2020-07-31,04:29:00,0,0,Bike,"[('kheer', 3), ('makke ki roti', 3)]",10,94.014,1284,6,9.14,3.5339
ORD202290,REST1034,CUST11896,COUR1269,-37.8183221,145.00154530000003,2020-10-18,06:39:33,0,1,Car,"[('mango lassi', 3), ('butter chicken', 2), ('manchurian', 2)]",0,96.75,6598,16,8.4,5.1774
ORD122668,REST0348,CUST09641,COUR3897,-37.8021939,145.0040721,2020-08-26,04:13:11,0,0,Car,"[('makke ki roti', 3), ('dal makhani', 2), ('lassi', 1), ('mutton curry', 2)]",0,123.68,6692,16,9.14,4.4351
ORD169956,REST1046,CUST03242,COUR4398,-37.801049,144.98937,2020-01-02,21:53:24,0,0,Bike,"[('chicken curry', 1), ('murgh ghee roast', 2), ('draught beer', 3), ('beef chilli', 2)]",10,54.216,6289,31,9.04,5.8012
ORD180825,REST1034,CUST06750,COUR1281,-37.80739570000001,144.9709222,2020-09-30,13:23:04,1,0,Car,"[('mango lassi', 3), ('palak paneer', 1), ('butter chicken', 2), ('manchurian', 1)]",0,110.86,3450,8,8.4,4.87
ORD114879,REST0348,CUST10664,COUR4268,-37.8153033,144.9631225,2020-03-11,05:40:13,0,0,Bike,"[('butter chicken', 1), ('kheer', 2)]",45,20.273,2207,11,9.14,4.0876
ORD302581,REST1046,CUST13656,COUR2422,-37.8160919,144.9640996,2020-11-10,19:58:40,1,0,Bike,"[('fried rice', 1), ('chicken curry', 2), ('draught beer', 1)]",10,25.974,2948,15,9.04,5.5396
ORD331746,REST1455,CUST10554,COUR3853,-37.8227216,144.9372467,2020-06-13,15:53:24,0,1,Car,"[('chicken stew', 3), ('sea food', 1), ('fish', 3)]",10,94.122,5469,13,8.26,5.2969
ORD229497,REST1034,CUST03583,COUR1020,-37.799876,144.984555,2020-04-25,20:02:38,0,1,Car,"[('chilli chicken', 1), ('butter chicken', 3), ('mango lassi', 3), ('paneer lababdar', 3)]",0,142.67,5305,13,8.4,4.9185
ORD286753,REST0931,CUST02339,COUR3390,-37.808167,145.00954850000002,2020-03-06,01:54:43,0,0,Motorbike,"[('tea', 3), ('vada', 1), ('masala dosa', 1), ('filter coffee', 1)]",0,114.76,3475,7,8.95,3.0045
ORD062423,REST0348,CUST08081,COUR3905,-37.8198403,145.0041663,2020-09-20,12:19:46,1,1,Motorbike,"[('lassi', 2), ('chole bhature', 3), ('paneer tikka', 1)]",0,78.79,6096,12,9.14,6.3079
ORD301274,REST0931,CUST11642,COUR2410,-37.8173309,144.9522948,2020-03-15,18:19:46,1,1,Car,"[('masala dosa', 1), ('upma', 1)]",0,45.58,5283,13,8.95,6.0945
ORD306043,REST1455,CUST06532,COUR3058,-37.8241693,144.9837005,2020-02-29,01:11:12,0,1,Bike,"[('sea food', 2), ('fish', 2), ('chicken curry', 1)]",0,67.49,3586,18,8.26,5.5499
ORD299417,REST1034,CUST05164,COUR2840,-37.8246362,144.9568396,2020-03-07,14:34:17,0,1,Bike,"[('mango lassi', 2), ('palak paneer', 1), ('manchurian', 2), ('dehati chicken', 1)]",0,68.36,2859,14,8.4,5.2772
ORD214723,REST0931,CUST10065,COUR2203,-37.8103816,144.9898444,2020-05-05,11:04:36,0,0,Bike,"[('filter coffee', 2), ('vada', 1)]",0,64.15,2384,12,8.95,3.7196
ORD051223,REST0931,CUST08607,COUR3592,-37.8163996,144.9825983,2020-12-23,23:28:21,0,0,Car,"[('tea', 3), ('masala dosa', 2), ('filter coffee', 2), ('chole', 3)]",40,118.8,2319,6,8.95,3.1428
ORD211471,REST1046,CUST10495,COUR2709,-37.821732700000005,144.97366269999998,2020-02-04,12:39:33,1,0,Motorbike,"[('fried rice', 2), ('beef chilli', 1), ('draught beer', 1)]",0,30.5,3583,7,9.04,4.4811
ORD320892,REST1046,CUST01893,COUR1691,-37.81912620000001,144.9777675,2020-06-03,06:59:20,0,0,Car,"[('murgh ghee roast', 2), ('draught beer', 2), ('beef chilli', 1)]",0,38.5,4032,10,9.04,3.4723
ORD309149,REST1455,CUST06482,COUR2538,-37.8227308,145.0153099,2020-02-05,13:03:17,1,0,Motorbike,"[('appam', 3), ('egg roast', 1), ('chicken stew', 2)]",0,105.62,5643,11,8.26,5.4302
ORD273908,REST1034,CUST13267,COUR4815,-37.8021789,145.0146601,2020-06-06,06:47:28,0,1,Car,"[('mango lassi', 3), ('butter chicken', 3)]",0,101.01,7851,19,8.4,5.4446
ORD099535,REST1034,CUST11701,COUR4147,-37.8097941,144.9931233,2020-04-17,00:31:38,0,0,Bike,"[('manchurian', 3), ('palak paneer', 2), ('butter chicken', 3), ('chilli chicken', 2)]",45,98.78,5441,27,8.4,5.035
ORD149342,REST1046,CUST12230,COUR4670,-37.8025669,144.94566830000002,2020-04-05,21:13:50,0,1,Motorbike,"[('fried rice', 2), ('beef chilli', 1), ('murgh ghee roast', 3)]",0,51.17,3434,7,9.04,4.6368
ORD124878,REST1455,CUST06998,COUR4877,-37.8082956,144.9548852,2020-11-30,16:21:05,0,0,Car,"[('appam', 3), ('sea food', 2)]",0,70.35,2494,6,8.26,3.4458
ORD127725,REST0931,CUST11413,COUR0592,-37.8040331,144.99082230000002,2020-05-13,15:05:56,0,0,Motorbike,"[('tea', 2), ('filter coffee', 3), ('butter masala dosa', 1), ('upma', 1)]",10,109.872,1625,3,8.95,2.8098
ORD144318,REST0348,CUST00089,COUR0911,-37.8168076,144.9994885,2020-08-14,10:56:42,0,0,Bike,"[('butter chicken', 2), ('chicken tikka', 3), ('makke ki roti', 1), ('paan ice cream', 1)]",20,75.936,5697,28,9.14,5.3025
ORD146244,REST1034,CUST05787,COUR1257,-37.8096965,144.938704,2020-04-26,04:09:13,0,1,Bike,"[('dehati chicken', 1), ('palak paneer', 2), ('chilli chicken', 1), ('mango lassi', 3)]",0,94.14,765,4,8.4,4.1783
ORD349384,REST1455,CUST13572,COUR4414,-37.8076214,144.9628384,2020-12-16,14:10:32,0,0,Bike,"[('egg roast', 3), ('chicken curry', 1), ('appam', 1), ('fish', 2)]",10,106.353,1698,8,8.26,3.9337
ORD055258,REST0348,CUST12248,COUR1011,-37.807837,144.9494312,2020-11-01,07:38:54,0,1,Motorbike,"[('makke ki roti', 1), ('butter chicken', 2), ('dal makhani', 3)]",10,76.716,2056,4,9.14,4.0202
ORD323348,REST1455,CUST05831,COUR4287,-37.8130547,144.9816845,2020-03-05,16:48:47,0,0,Motorbike,"[('chicken stew', 1), ('egg roast', 2), ('sea food', 3), ('chicken curry', 1)]",0,127.74,2106,4,8.26,3.3273
ORD094375,REST1046,CUST10207,COUR2890,-37.8133063,144.96279919999998,2020-07-18,21:01:58,0,1,Bike,"[('murgh ghee roast', 2), ('fried rice', 3), ('fish fingers', 2)]",0,79.98,3256,16,9.04,4.8824
ORD004869,REST1455,CUST06606,COUR1450,-37.8245142,144.9827184,2020-11-04,18:19:46,1,0,Motorbike,"[('chicken stew', 3), ('chicken curry', 2)]",10,94.104,3544,7,8.26,4.9356
ORD245964,REST1034,CUST13219,COUR4099,-37.8204535,144.9769006,2020-06-17,10:21:05,0,0,Motorbike,"[('manchurian', 3), ('paneer lababdar', 1)]",20,32.224,4640,9,8.4,4.0533
ORD337094,REST0348,CUST13190,COUR0101,-37.8193607,144.97659480000002,2020-06-22,02:14:30,0,0,Bike,"[('dal makhani', 1), ('mutton curry', 1), ('makke ki roti', 1)]",10,42.039,3659,18,9.14,4.5521
ORD208081,REST0931,CUST05248,COUR1947,-37.8184782,144.9639422,2020-04-02,20:58:01,0,0,Bike,"[('tea', 2), ('filter coffee', 1), ('butter masala dosa', 2)]",20,54.928,3034,15,8.95,4.7122
ORD045903,REST1455,CUST13518,COUR2174,-37.8240812,144.93533090000005,2020-04-22,22:36:55,0,0,Motorbike,"[('sea food', 1), ('chicken stew', 1), ('chicken curry', 2), ('egg roast', 1)]",45,54.164,5662,11,8.26,3.8375
ORD188721,REST1034,CUST05270,COUR2517,-37.819973,144.96184580000002,2020-05-13,06:03:57,0,0,Motorbike,"[('palak paneer', 2), ('dehati chicken', 3)]",20,52.568,3097,6,8.4,3.3934
ORD012848,REST1034,CUST13205,COUR3020,-37.8205134,144.9772144,2020-08-02,10:32:58,0,1,Motorbike,"[('dehati chicken', 2), ('palak paneer', 3)]",40,50.634,4607,9,8.4,4.3192
ORD182010,REST1455,CUST00073,COUR4207,-37.802294,144.990587,2020-03-02,02:18:27,0,0,Car,"[('fish', 3), ('sea food', 2)]",10,50.247,1733,4,8.26,3.1982
ORD287644,REST0931,CUST00817,COUR1811,-37.8177613,144.95734119999997,2020-10-14,23:52:05,0,0,Car,"[('butter masala dosa', 3), ('chole', 3), ('filter coffee', 3), ('tea', 3)]",40,118.026,3434,8,8.95,3.214
ORD112397,REST0348,CUST10470,COUR1912,-37.8006576,144.9577659,2020-02-09,21:49:27,0,1,Motorbike,"[('makke ki roti', 1), ('chole bhature', 1)]",40,21.816,3045,6,9.14,3.9689
ORD068238,REST1455,CUST11807,COUR1223,-37.822615,144.9581003,2020-12-14,19:15:09,1,0,Motorbike,"[('egg roast', 2), ('sea food', 2)]",0,71.76,3671,7,8.26,5.0356
ORD015839,REST1455,CUST05656,COUR3295,-37.8135819,144.93714350000002,2020-01-05,08:50:06,0,1,Bike,"[('beef fry', 3), ('chicken stew', 1), ('sea food', 1), ('egg roast', 1)]",20,87.848,4288,21,8.26,6.0711
ORD218408,REST1455,CUST00149,COUR0645,-37.8077231,145.0011106,2020-01-12,10:21:05,0,1,Car,"[('chicken curry', 1), ('chicken stew', 3), ('appam', 3)]",20,100.576,3226,8,8.26,4.6476
ORD207406,REST1034,CUST12216,COUR4088,-37.8173621,144.9658409,2020-08-26,04:29:00,0,0,Car,"[('chilli chicken', 3), ('butter chicken', 1), ('mango lassi', 2)]",20,65.232,3391,8,8.4,3.3784
ORD195544,REST1046,CUST00271,COUR3703,-37.8196559,144.9686385,2020-06-05,02:02:38,0,0,Motorbike,"[('french fries', 3), ('beef chilli', 3), ('draught beer', 3)]",0,96.84,3030,6,9.04,3.1876
ORD326238,REST1455,CUST05660,COUR1807,-37.8131035,144.93734880000002,2020-11-14,09:09:53,0,1,Motorbike,"[('fish', 2), ('chicken stew', 1), ('chicken curry', 3)]",40,61.026,4345,9,8.26,5.0846
ORD164177,REST1046,CUST09416,COUR0305,-37.8172556,144.9645399,2020-11-27,01:27:01,0,0,Motorbike,"[('beef chilli', 1), ('murgh ghee roast', 3)]",40,21.054,2962,6,9.04,3.4898
ORD311073,REST0348,CUST06247,COUR2057,-37.811232,144.9354874,2020-04-17,10:01:19,0,0,Car,"[('kheer', 3), ('butter chicken', 3)]",40,42.678,1837,4,9.14,3.1468
ORD028870,REST1034,CUST10383,COUR0100,-37.818611700000005,144.96779809999998,2020-06-21,09:09:53,0,1,Bike,"[('manchurian', 2), ('paneer lababdar', 1)]",0,30.04,3430,17,8.4,5.3539
ORD041806,REST0931,CUST10239,COUR0329,-37.8226886,144.9748122,2020-10-15,16:09:13,0,0,Bike,"[('idli', 3), ('vada', 1), ('tea', 3)]",0,121.9,3635,18,8.95,4.2029
ORD289679,REST1455,CUST13384,COUR1040,-37.8165571,145.00575769999998,2020-02-11,11:12:31,0,0,Car,"[('chicken curry', 1), ('fish', 3)]",20,38.608,4318,10,8.26,3.8722
ORD286906,REST1455,CUST08834,COUR4936,-37.8197216,144.96816850000002,2020-06-08,13:50:46,1,0,Bike,"[('egg roast', 2), ('chicken curry', 2)]",40,51.0,2806,14,8.26,5.3703
ORD212118,REST1046,CUST06379,COUR2099,-37.8149256,144.9451166,2020-05-04,08:58:01,0,0,Motorbike,"[('draught beer', 1), ('french fries', 2), ('chicken curry', 1)]",45,27.071,2076,4,9.04,2.6056
ORD348662,REST1046,CUST09105,COUR3272,-37.8240292,144.9569847,2020-06-06,03:17:48,0,1,Car,"[('draught beer', 3), ('murgh ghee roast', 1)]",0,27.49,2673,6,9.04,4.2903
ORD072459,REST0348,CUST06939,COUR3316,-37.8060023,144.95598080000002,2020-04-17,10:01:19,0,0,Bike,"[('chole bhature', 2), ('paan ice cream', 3), ('butter chicken', 1)]",0,87.219,2366,12,9.14,4.015
ORD233016,REST0348,CUST08675,COUR1355,-37.8029493,144.96195519999998,2020-07-14,19:46:48,1,0,Car,"[('makke ki roti', 1), ('chole bhature', 3), ('kheer', 1), ('dal makhani', 2)]",10,96.471,3087,7,9.14,4.5447
ORD012311,REST1034,CUST06476,COUR2242,-37.8218441,145.01533669999998,2020-05-27,19:27:01,1,0,Bike,"[('manchurian', 2), ('mango lassi', 2), ('palak paneer', 3), ('chilli chicken', 2)]",0,137.35,7984,40,8.4,8.4998
ORD265429,REST0348,CUST10312,COUR0279,-37.8082488,144.9685936,2020-03-23,16:25:03,0,0,Bike,"[('makke ki roti', 3), ('butter chicken', 1)]",40,45.342,2964,15,9.14,3.754
ORD101533,REST1034,CUST04876,COUR3494,-37.8234385,144.9792752,2020-10-18,19:34:56,1,1,Bike,"[('chilli chicken', 2), ('paneer lababdar', 3), ('butter chicken', 2)]",20,83.296,4747,24,8.4,7.2617
ORD022775,REST1046,CUST13359,COUR2285,-37.8192703,144.95563869999998,2020-06-13,12:19:46,1,1,Motorbike,"[('french fries', 1), ('draught beer', 2), ('fried rice', 3), ('murgh ghee roast', 3)]",0,81.19,2306,5,9.04,5.5393
ORD315948,REST0348,CUST08476,COUR2033,-37.8234465,144.9785077,2020-12-15,05:08:34,0,0,Motorbike,"[('dal makhani', 2), ('chicken tikka', 1), ('lassi', 2), ('butter chicken', 2)]",40,47.262,3882,8,9.14,3.2798
ORD109671,REST1034,CUST03526,COUR3931,-37.819452000000005,145.0037269,2020-08-23,06:11:52,0,1,Bike,"[('palak paneer', 2), ('dehati chicken', 2), ('butter chicken', 1)]",0,84.78,6802,34,8.4,7.0187
ORD273867,REST1455,CUST09799,COUR3094,-37.809839200000006,144.98912,2020-08-05,19:58:40,1,0,Motorbike,"[('beef fry', 1), ('chicken stew', 3), ('chicken curry', 2), ('appam', 1)]",45,74.91,2361,5,8.26,4.7137
ORD262315,REST1046,CUST01000,COUR3096,-37.802057,144.9301684,2020-09-16,10:09:13,0,0,Bike,"[('chicken curry', 1), ('beef chilli', 2), ('french fries', 2), ('fried rice', 2)]",0,75.6,3450,17,9.04,4.4967
ORD246658,REST1455,CUST13422,COUR4245,-37.8106951,145.01529069999998,2020-12-26,09:41:32,0,1,Car,"[('sea food', 3), ('appam', 3)]",0,84.54,4842,12,8.26,4.7622
ORD085334,REST1455,CUST09048,COUR2302,-37.80598870000001,144.9736895,2020-11-05,23:36:15,0,0,Car,"[('fish', 3), ('beef fry', 2), ('chicken curry', 3), ('appam', 3)]",0,167.15,1150,3,8.26,2.7451
ORD200610,REST0931,CUST11204,COUR4376,-37.8013917,144.9433256,2020-10-15,20:22:25,0,0,Car,"[('masala dosa', 3), ('chole', 2), ('butter masala dosa', 3), ('idli', 2)]",20,138.416,3734,9,8.95,3.361
ORD107545,REST0931,CUST05985,COUR2101,-37.8196174,144.9687616,2020-04-20,01:07:15,0,0,Car,"[('tea', 2), ('vada', 2), ('chole', 2), ('filter coffee', 3)]",10,163.854,3714,9,8.95,3.6682
ORD240028,REST1034,CUST11436,COUR1261,-37.8032103,144.93564530000003,2020-06-01,05:24:23,0,0,Motorbike,"[('mango lassi', 2), ('palak paneer', 3), ('dehati chicken', 1)]",0,96.58,1158,2,8.4,3.2002
ORD031219,REST0348,CUST00334,COUR3316,-37.8193841,144.9894776,2020-02-29,11:12:31,0,1,Bike,"[('mutton curry', 3), ('chicken tikka', 3)]",45,38.049,4651,23,9.14,6.0868
ORD258474,REST1046,CUST09204,COUR1491,-37.8084292,144.9679737,2020-01-05,12:15:49,1,1,Bike,"[('chicken curry', 3), ('beef chilli', 2), ('draught beer', 1), ('murgh ghee roast', 3)]",40,42.882,4159,21,9.04,7.3003
ORD151797,REST1046,CUST01567,COUR1066,-37.8155739,144.9971507,2020-09-25,08:06:35,0,0,Bike,"[('beef chilli', 3), ('chicken curry', 3)]",0,46.68,5940,30,9.04,5.8457
ORD331967,REST0348,CUST10081,COUR3803,-37.8061677,144.9584226,2020-06-17,02:06:35,0,0,Bike,"[('mutton curry', 2), ('butter chicken', 2), ('chole bhature', 2)]",0,72.28,2536,13,9.14,4.2743
ORD163405,REST1046,CUST11054,COUR4106,-37.8075218,144.9554757,2020-03-14,22:21:05,0,1,Car,"[('chicken curry', 2), ('french fries', 3)]",10,61.398,3285,8,9.04,4.5221
ORD246516,REST0348,CUST11524,COUR4503,-37.8205705,144.9956122,2020-11-03,04:52:44,0,0,Bike,"[('mutton curry', 2), ('paneer tikka', 1)]",0,39.32,5248,26,9.14,5.4583
ORD020980,REST1046,CUST03248,COUR1648,-37.80066779999999,144.9975125,2020-09-21,18:47:28,1,0,Car,"[('french fries', 1), ('draught beer', 3)]",40,21.84,7043,17,9.04,6.0545
ORD261647,REST1455,CUST01559,COUR1535,-37.8134238,144.99265649999998,2020-12-22,11:40:13,0,0,Motorbike,"[('chicken curry', 1), ('beef fry', 2)]",20,44.888,3033,6,8.26,3.2768
ORD334396,REST1455,CUST02613,COUR1024,-37.8086441,144.9628946,2020-03-26,03:45:29,0,0,Car,"[('appam', 2), ('beef fry', 2), ('sea food', 1)]",0,77.47,1842,4,8.26,3.0693
ORD203732,REST1034,CUST04372,COUR4629,-37.8186886,144.9781063,2020-02-01,19:27:01,1,1,Car,"[('dehati chicken', 3), ('palak paneer', 2), ('paneer lababdar', 3), ('mango lassi', 3)]",0,121.18,4363,10,8.4,6.5423
ORD216748,REST1455,CUST03139,COUR1751,-37.8119516,144.9860757,2020-11-04,16:52:44,0,0,Car,"[('beef fry', 1), ('fish', 1), ('sea food', 1), ('egg roast', 2)]",0,84.37,2343,6,8.26,3.2542
ORD296181,REST0931,CUST12280,COUR2088,-37.8197989,144.9612984,2020-02-19,23:56:02,0,0,Car,"[('masala dosa', 1), ('filter coffee', 3)]",0,83.73,3341,8,8.95,3.354
ORD105086,REST0348,CUST11628,COUR3530,-37.82508120000001,144.956932,2020-12-14,23:36:15,0,0,Car,"[('chole bhature', 3), ('butter chicken', 3), ('lassi', 1)]",10,75.906,1855,4,9.14,3.0694
ORD242816,REST1455,CUST07630,COUR2698,-37.8135389,144.9403554,2020-05-26,18:19:46,1,0,Bike,"[('fish', 1), ('appam', 3), ('chicken stew', 2), ('sea food', 1)]",40,64.362,3888,19,8.26,6.2617
ORD093250,REST1046,CUST08530,COUR3498,-37.8158159,144.9369455,2020-03-22,04:44:50,0,1,Car,"[('draught beer', 1), ('murgh ghee roast', 2), ('beef chilli', 1)]",40,19.392,1360,3,9.04,3.9931
ORD033263,REST0931,CUST02503,COUR3100,-37.8114359,144.980743,2020-08-24,02:58:01,0,0,Car,"[('butter masala dosa', 3), ('chole', 3), ('masala dosa', 2)]",10,123.093,1732,4,8.95,3.0736
ORD286260,REST0348,CUST07476,COUR0049,-37.8118674,145.00900249999998,2020-01-18,12:27:41,1,1,Motorbike,"[('dal makhani', 2), ('paan ice cream', 3), ('chole bhature', 3)]",0,119.23,6548,13,9.14,6.3402
ORD064074,REST0931,CUST04236,COUR2693,-37.8162061,144.9814517,2020-12-06,02:34:17,0,1,Car,"[('idli', 1), ('upma', 3), ('vada', 1), ('butter masala dosa', 2)]",0,124.17,3355,8,8.95,4.4124
ORD102648,REST0931,CUST13064,COUR1057,-38.1109156,144.65417250000002,2020-05-15,03:09:53,0,0,Car,"[('vada', 2), ('upma', 3)]",0,114.05,45845,110,8.95,13.5348
ORD292484,REST0348,CUST00170,COUR3304,-37.7973671,144.9691318,2020-04-11,14:18:27,0,1,Motorbike,"[('chole bhature', 3), ('paneer tikka', 2)]",0,79.15,4148,8,9.14,4.5638
ORD218772,REST1034,CUST03017,COUR4086,-37.803485,144.9654717,2020-09-12,13:46:48,1,1,Bike,"[('butter chicken', 1), ('dehati chicken', 3)]",20,33.4,3282,16,8.4,6.7892
ORD186090,REST1034,CUST11562,COUR2382,-37.8070606,144.9950331,2020-11-06,19:11:12,1,0,Bike,"[('mango lassi', 3), ('chilli chicken', 2)]",0,52.75,5720,29,8.4,6.9363
ORD198119,REST0931,CUST10364,COUR0444,-37.8251949,144.99260869999998,2020-02-11,01:19:07,0,0,Motorbike,"[('butter masala dosa', 1), ('filter coffee', 2), ('upma', 1)]",45,38.874,3908,8,8.95,3.3065
ORD217389,REST1455,CUST12932,COUR3416,-37.8197592,145.0108659,2020-07-26,22:29:00,0,1,Car,"[('beef fry', 1), ('sea food', 1), ('egg roast', 2)]",0,75.22,4973,12,8.26,4.696
ORD227236,REST1046,CUST02723,COUR2667,-37.8228554,144.9897726,2020-04-08,11:16:29,0,0,Motorbike,"[('draught beer', 3), ('fish fingers', 3)]",45,41.514,5122,10,9.04,3.4868
ORD206426,REST1046,CUST03102,COUR4307,-37.8153174,144.9854775,2020-12-04,00:00:00,0,0,Motorbike,"[('french fries', 1), ('murgh ghee roast', 3), ('fried rice', 2)]",40,36.474,4801,10,9.04,3.6952
ORD138730,REST0348,CUST13347,COUR4779,-37.8176125,145.0108561,2020-09-17,07:27:01,0,0,Car,"[('butter chicken', 2), ('dal makhani', 1), ('chole bhature', 2), ('lassi', 2)]",0,81.83,6772,16,9.14,4.119
ORD009995,REST1046,CUST03790,COUR0260,-37.8237402,144.9353131,2020-12-15,08:06:35,0,0,Bike,"[('draught beer', 3), ('fried rice', 2), ('fish fingers', 3), ('murgh ghee roast', 2)]",20,87.568,472,2,9.04,2.866
ORD269248,REST0348,CUST02609,COUR4633,-37.8093871,144.963212,2020-01-09,21:53:24,0,0,Motorbike,"[('makke ki roti', 2), ('paneer tikka', 3), ('chole bhature', 3)]",10,126.027,2501,5,9.14,3.2608
ORD157028,REST0931,CUST03089,COUR0273,-37.8160204,145.0111408,2020-10-25,05:40:13,0,1,Bike,"[('idli', 3), ('chole', 2), ('vada', 2), ('butter masala dosa', 2)]",20,126.904,4555,23,8.95,5.7948
ORD071183,REST0931,CUST03765,COUR3375,-37.8275232,144.95117240000002,2020-03-26,10:52:44,0,0,Motorbike,"[('tea', 2), ('vada', 1)]",0,55.43,4685,9,8.95,3.5259
ORD041486,REST0348,CUST06333,COUR3314,-37.8065665,144.95933290000002,2020-12-26,02:54:03,0,1,Car,"[('chole bhature', 1), ('paneer tikka', 3), ('paan ice cream', 2)]",40,59.13,2561,6,9.14,4.0253
ORD155461,REST0931,CUST03074,COUR3648,-37.7999955,144.9719925,2020-01-22,22:36:55,0,0,Motorbike,"[('chole', 2), ('upma', 2), ('filter coffee', 3)]",0,146.5,825,2,8.95,2.9977
ORD162565,REST0931,CUST12194,COUR1266,-37.8017591,144.96320469999998,2020-02-21,14:34:17,0,0,Bike,"[('butter masala dosa', 2), ('masala dosa', 1)]",20,32.696,1824,9,8.95,3.473
ORD021246,REST0348,CUST01992,COUR4867,-37.8054565,145.0003472,2020-04-26,13:50:46,1,1,Car,"[('dal makhani', 2), ('chicken tikka', 3)]",20,51.848,6114,15,9.14,6.6818
ORD026732,REST1455,CUST10091,COUR3199,-37.8038035,144.9781357,2020-04-16,12:31:38,1,0,Car,"[('chicken stew', 3), ('chicken curry', 1), ('egg roast', 2)]",0,127.13,938,2,8.26,4.4193
ORD082588,REST1034,CUST11058,COUR0430,-37.807676,144.95527090000002,2020-12-07,13:54:43,1,0,Car,"[('palak paneer', 3), ('dehati chicken', 3), ('mango lassi', 2), ('butter chicken', 1)]",0,132.66,2028,5,8.4,4.8993
ORD317262,REST1034,CUST09769,COUR0073,-37.8210375,144.9821816,2020-10-05,16:36:55,0,0,Car,"[('paneer lababdar', 3), ('mango lassi', 2)]",40,27.924,4783,11,8.4,5.12
ORD320208,REST1034,CUST03596,COUR3256,-37.825603,144.95138669999997,2020-12-20,13:34:56,1,1,Car,"[('mango lassi', 2), ('paneer lababdar', 1), ('manchurian', 1), ('palak paneer', 2)]",45,47.498,2886,7,8.4,5.8492
ORD005130,REST1046,CUST07286,COUR0368,-37.8222216,144.949747,2020-08-03,13:07:15,1,0,Car,"[('chicken curry', 3), ('fried rice', 1)]",20,24.0,1418,3,9.04,4.6011
ORD335072,REST1455,CUST02449,COUR1769,-37.806085,144.94180580000005,2020-03-21,08:38:14,0,1,Bike,"[('sea food', 3), ('egg roast', 1), ('fish', 1)]",0,73.41,3681,18,8.26,5.4074
ORD201194,REST1034,CUST08447,COUR0370,-37.8045134,144.96317480000002,2020-08-23,06:03:57,0,1,Bike,"[('paneer lababdar', 2), ('manchurian', 3), ('palak paneer', 2)]",0,98.54,3022,15,8.4,5.1531
ORD038267,REST1046,CUST10388,COUR2663,-37.7997268,144.92549440000002,2020-02-27,19:34:56,1,0,Motorbike,"[('french fries', 1), ('murgh ghee roast', 2), ('beef chilli', 3), ('draught beer', 3)]",0,79.02,3925,8,9.04,4.5013
ORD242176,REST1034,CUST00551,COUR1660,-37.8206671,144.9660763,2020-12-02,09:01:58,0,0,Motorbike,"[('butter chicken', 3), ('manchurian', 1), ('dehati chicken', 2)]",45,52.69,3615,7,8.4,3.7732
ORD029884,REST1455,CUST02275,COUR4024,-37.8194833,144.9628206,2020-09-11,07:46:48,0,0,Motorbike,"[('beef fry', 1), ('sea food', 2)]",0,46.03,3041,6,8.26,3.2463
ORD282332,REST0931,CUST10774,COUR2490,-37.8211152,144.9577686,2020-10-24,02:14:30,0,1,Bike,"[('chole', 3), ('idli', 1), ('butter masala dosa', 1)]",20,71.376,3714,19,8.95,5.7162
ORD237508,REST0348,CUST07878,COUR1386,-37.8165922,144.98264619999998,2020-12-24,12:47:28,1,0,Bike,"[('paneer tikka', 1), ('lassi', 3)]",0,43.31,4074,20,9.14,5.9731
ORD225715,REST0348,CUST00517,COUR2705,-37.8129674,144.9559964,2020-09-06,01:19:07,0,1,Motorbike,"[('paneer tikka', 3), ('chicken tikka', 3), ('makke ki roti', 3), ('butter chicken', 2)]",0,175.26,1829,4,9.14,3.9852
ORD168454,REST1034,CUST07197,COUR1004,-37.8252463,144.9507341,2020-10-05,15:13:50,0,0,Motorbike,"[('mango lassi', 2), ('chilli chicken', 3), ('manchurian', 2)]",0,77.28,2459,5,8.4,2.9916
ORD078207,REST0931,CUST00234,COUR4265,-37.8179918,144.9503443,2020-01-21,20:26:22,0,0,Motorbike,"[('tea', 2), ('filter coffee', 2), ('masala dosa', 3)]",10,128.043,4141,8,8.95,3.5275
ORD317982,REST0931,CUST07846,COUR2129,-37.8163074,144.9851272,2020-11-21,20:38:14,0,1,Motorbike,"[('chole', 2), ('butter masala dosa', 2), ('filter coffee', 1)]",0,79.74,2503,5,8.95,4.1746
ORD169588,REST0348,CUST12716,COUR2597,-37.8073307,144.9094355,2020-02-24,02:26:22,0,0,Car,"[('paan ice cream', 2), ('makke ki roti', 1), ('chicken tikka', 3), ('paneer tikka', 1)]",0,106.96,4024,10,9.14,3.6868
ORD343112,REST1455,CUST06072,COUR4277,-37.8063755,144.9416378,2020-06-14,21:09:53,0,1,Bike,"[('appam', 3), ('beef fry', 3), ('chicken stew', 2), ('egg roast', 3)]",45,111.072,3718,19,8.26,5.4333
ORD307091,REST1455,CUST05276,COUR0167,-37.8191244,144.9654965,2020-05-22,07:19:07,0,0,Bike,"[('chicken curry', 3), ('beef fry', 3), ('egg roast', 2)]",45,87.318,2821,14,8.26,4.4797
ORD263384,REST1034,CUST09128,COUR1370,-37.8190591,144.9542399,2020-02-20,07:46:48,0,0,Motorbike,"[('palak paneer', 3), ('paneer lababdar', 2)]",0,92.17,2200,4,8.4,2.9355
ORD109040,REST1034,CUST10321,COUR3285,-37.8045496,144.969735,2020-03-30,01:03:17,0,0,Bike,"[('palak paneer', 2), ('paneer lababdar', 3), ('manchurian', 3), ('dehati chicken', 2)]",10,107.496,3566,18,8.4,4.6181
ORD011761,REST1034,CUST00492,COUR1771,-37.8221192,144.9568128,2020-09-23,10:29:00,0,0,Motorbike,"[('dehati chicken', 2), ('manchurian', 1), ('paneer lababdar', 3), ('chilli chicken', 2)]",45,41.921,2662,5,8.4,2.8931
ORD318335,REST1455,CUST01745,COUR4314,-37.8153166,144.94192030000002,2020-08-17,23:32:18,0,0,Bike,"[('egg roast', 1), ('fish', 2), ('beef fry', 2)]",0,75.29,3891,19,8.26,3.528
ORD325099,REST0348,CUST08398,COUR0341,-37.7993521,144.9640569,2020-09-25,22:05:16,0,0,Motorbike,"[('kheer', 2), ('chole bhature', 1), ('paneer tikka', 1)]",0,58.53,3584,7,9.14,3.5742
ORD123940,REST1034,CUST11575,COUR1928,-37.8114598,144.9833055,2020-01-18,20:38:14,0,1,Motorbike,"[('manchurian', 3), ('butter chicken', 3), ('palak paneer', 2)]",20,122.912,4727,9,8.4,4.3553
ORD284545,REST1455,CUST02287,COUR3381,-37.8188135,144.96411650000002,2020-07-11,19:54:43,1,1,Motorbike,"[('fish', 2), ('chicken curry', 1), ('beef fry', 1)]",20,45.408,2872,6,8.26,5.7118
ORD032478,REST1455,CUST02355,COUR2003,-37.7994718,145.0063616,2020-01-10,13:54:43,1,0,Car,"[('chicken curry', 2), ('egg roast', 1), ('appam', 1), ('fish', 2)]",0,95.6,3278,8,8.26,5.0003
ORD049996,REST1034,CUST10312,COUR1895,-37.8082488,144.9685936,2020-07-13,18:59:20,1,0,Motorbike,"[('manchurian', 2), ('chilli chicken', 3), ('butter chicken', 3)]",40,80.184,3250,6,8.4,4.759
ORD052097,REST0931,CUST05373,COUR1578,-37.81262460000001,144.9612396,2020-01-01,11:20:26,0,0,Car,"[('tea', 3), ('upma', 1)]",0,69.01,2599,6,8.95,3.2555
ORD035073,REST1034,CUST01868,COUR2894,-37.821032,144.98419230000002,2020-07-12,18:07:54,1,1,Car,"[('butter chicken', 3), ('chilli chicken', 1), ('mango lassi', 2), ('palak paneer', 3)]",0,178.11,5183,12,8.4,6.7241
ORD018685,REST1455,CUST01775,COUR1117,-37.7996623,144.9622425,2020-01-17,20:58:01,0,0,Bike,"[('chicken stew', 2), ('beef fry', 1)]",20,47.688,1265,6,8.26,3.5715
ORD088893,REST1046,CUST11737,COUR4252,-37.817663,144.9911581,2020-09-06,12:00:00,1,1,Car,"[('draught beer', 1), ('fish fingers', 1)]",0,25.16,5216,13,9.04,6.6782
ORD184118,REST0348,CUST07379,COUR2350,-37.8183645,144.96879330000002,2020-05-12,14:10:32,0,0,Car,"[('dal makhani', 1), ('chicken tikka', 1)]",0,26.32,2994,7,9.14,2.9935
ORD070506,REST1455,CUST12130,COUR1094,-37.8246564,144.9903185,2020-10-18,00:39:33,0,1,Car,"[('beef fry', 1), ('appam', 2), ('sea food', 1)]",0,59.82,3702,9,8.26,4.3585
ORD297869,REST1034,CUST00744,COUR4269,-37.8136028,144.96144630000003,2020-10-09,20:42:11,0,0,Motorbike,"[('paneer lababdar', 2), ('dehati chicken', 3)]",40,21.678,2751,6,8.4,3.5821
ORD125435,REST1046,CUST07850,COUR4211,-37.8164452,144.983974,2020-01-21,23:56:02,0,0,Motorbike,"[('chicken curry', 1), ('murgh ghee roast', 1), ('draught beer', 3)]",45,19.146,4611,9,9.04,3.592
ORD211376,REST0348,CUST13208,COUR4091,-37.8204768,144.9771165,2020-02-08,23:08:34,0,1,Car,"[('chicken tikka', 3), ('makke ki roti', 3), ('paan ice cream', 1)]",0,117.14,3822,9,9.14,4.4742
ORD186797,REST0348,CUST08890,COUR1710,-37.8175294,144.99595980000004,2020-07-12,06:15:49,0,1,Car,"[('lassi', 2), ('mutton curry', 3), ('chicken tikka', 1)]",10,55.818,5333,13,9.14,5.0977
ORD292807,REST0931,CUST11940,COUR0854,-37.8131224,145.0139936,2020-06-19,02:42:11,0,0,Bike,"[('upma', 1), ('idli', 3), ('masala dosa', 2)]",45,65.989,4396,22,8.95,5.0022
ORD317124,REST0931,CUST02402,COUR0538,-37.8051269,144.984554,2020-05-01,04:21:05,0,0,Bike,"[('tea', 2), ('idli', 1)]",40,28.974,1242,6,8.95,3.1165
ORD157930,REST1034,CUST09947,COUR0864,-37.8188059,144.9524243,2020-06-24,03:41:32,0,0,Bike,"[('manchurian', 2), ('palak paneer', 2), ('paneer lababdar', 2), ('mango lassi', 3)]",20,92.072,2136,11,8.4,4.0379
ORD274603,REST0348,CUST11322,COUR0086,-37.8030157,144.9291186,2020-12-21,19:19:07,1,0,Bike,"[('mutton curry', 1), ('paneer tikka', 1)]",0,28.43,2884,14,9.14,5.254
ORD134281,REST0348,CUST10378,COUR3160,-37.8184595,144.9677262,2020-11-26,18:35:36,1,0,Motorbike,"[('lassi', 1), ('butter chicken', 1)]",0,19.15,2638,5,9.14,4.4866
ORD058050,REST0931,CUST02193,COUR4634,-37.8121579,144.9536879,2020-10-13,17:24:23,0,0,Car,"[('filter coffee', 3), ('idli', 1), ('butter masala dosa', 3)]",0,102.94,3168,8,8.95,3.2727
ORD296404,REST0931,CUST03389,COUR3035,-37.8105594,144.94005869999998,2020-12-26,08:06:35,0,1,Bike,"[('tea', 1), ('masala dosa', 1), ('upma', 1)]",0,61.26,4598,23,8.95,6.1912
ORD059093,REST0348,CUST11751,COUR2967,-37.8182455,144.9965783,2020-08-26,09:25:42,0,0,Bike,"[('paneer tikka', 1), ('dal makhani', 3), ('paan ice cream', 2), ('lassi', 3)]",0,117.0,5325,27,9.14,5.2593
ORD222076,REST0348,CUST06786,COUR0208,-37.8049643,144.970646,2020-06-07,12:19:46,1,1,Bike,"[('chicken tikka', 1), ('paneer tikka', 2), ('makke ki roti', 1)]",45,37.906,3840,19,9.14,7.087
ORD290229,REST0931,CUST00198,COUR2956,-37.8031755,144.9694427,2020-12-21,15:17:48,0,0,Car,"[('filter coffee', 2), ('butter masala dosa', 3)]",0,65.97,1242,3,8.95,2.6347
ORD234498,REST0348,CUST11467,COUR2833,-37.8198249,145.0118938,2020-08-29,13:50:46,1,1,Motorbike,"[('dal makhani', 1), ('chicken tikka', 2), ('chole bhature', 1), ('mutton curry', 2)]",45,41.228,6697,13,9.14,6.3454
ORD050694,REST1046,CUST01530,COUR2710,-37.8263896,144.9854449,2020-09-23,17:28:21,0,0,Motorbike,"[('fish fingers', 2), ('fried rice', 3)]",0,62.08,4911,10,9.04,3.4234
ORD299860,REST0348,CUST04929,COUR3367,-37.8142605,144.9727854,2020-07-27,06:47:28,0,0,Bike,"[('mutton curry', 1), ('chole bhature', 1), ('lassi', 3), ('dal makhani', 2)]",20,63.72,3211,16,9.14,4.2455
ORD289299,REST0931,CUST08692,COUR3557,-37.8062509,144.9598532,2020-08-09,16:44:50,0,1,Bike,"[('butter masala dosa', 1), ('tea', 3), ('idli', 2), ('masala dosa', 3)]",10,144.324,2426,12,8.95,4.8671
ORD313931,REST1455,CUST01290,COUR1779,-37.8007815,144.9702703,2020-07-05,22:36:55,0,1,Car,"[('chicken stew', 3), ('beef fry', 3), ('chicken curry', 2)]",10,141.759,435,1,8.26,3.9498
ORD010854,REST1455,CUST09497,COUR4234,-37.8060353,144.9800565,2020-09-14,20:02:38,0,0,Motorbike,"[('fish', 3), ('beef fry', 3), ('chicken stew', 3)]",0,143.34,1231,2,8.26,2.6801
ORD211526,REST1046,CUST04843,COUR4563,-37.8083809,144.94143530000002,2020-04-08,04:56:42,0,0,Motorbike,"[('draught beer', 1), ('fish fingers', 2), ('fried rice', 2)]",0,60.22,3003,6,9.04,2.9551
ORD242548,REST1455,CUST04125,COUR3065,-37.819997,144.9853336,2020-08-03,16:52:44,0,0,Bike,"[('chicken stew', 2), ('chicken curry', 2), ('fish', 1), ('beef fry', 3)]",10,131.112,2984,15,8.26,4.5852
ORD122260,REST1046,CUST00348,COUR0074,-37.81875,144.983448,2020-01-27,18:23:44,1,0,Car,"[('chicken curry', 2), ('beef chilli', 3), ('fried rice', 1)]",20,37.92,4521,11,9.04,5.4975
ORD113164,REST1046,CUST09095,COUR0980,-37.82357460000001,145.0126354,2020-08-11,20:22:25,0,0,Bike,"[('murgh ghee roast', 3), ('beef chilli', 1), ('french fries', 1), ('draught beer', 3)]",0,71.49,7394,37,9.04,6.3288
ORD111010,REST1455,CUST05003,COUR2873,-37.8116975,144.9704856,2020-01-28,03:53:24,0,0,Motorbike,"[('beef fry', 2), ('fish', 3), ('sea food', 2), ('appam', 3)]",0,133.1,1578,3,8.26,3.126
ORD337486,REST0931,CUST01362,COUR4779,-37.8169046,144.9780254,2020-12-25,06:11:52,0,0,Car,"[('idli', 3), ('chole', 3), ('masala dosa', 1)]",20,110.448,2458,6,8.95,3.1888
ORD039663,REST0348,CUST01999,COUR0721,-37.8070731,144.9596733,2020-01-08,06:31:38,0,0,Motorbike,"[('lassi', 1), ('dal makhani', 1)]",40,13.644,2551,5,9.14,3.0419
ORD308086,REST1455,CUST02882,COUR2522,-37.8189405,144.9885743,2020-08-27,20:58:01,0,0,Car,"[('chicken stew', 1), ('beef fry', 2)]",10,50.652,3160,8,8.26,3.4592
ORD170334,REST0348,CUST01562,COUR3486,-37.8107072,144.99593180000002,2020-01-26,10:56:42,0,1,Bike,"[('mutton curry', 3), ('butter chicken', 1), ('chicken tikka', 3)]",0,79.74,5376,27,9.14,6.4846
ORD137890,REST0931,CUST09285,COUR2487,-37.8130849,144.9670666,2020-02-15,19:58:40,1,1,Bike,"[('butter masala dosa', 1), ('filter coffee', 1), ('upma', 3), ('idli', 1)]",0,111.51,2269,11,8.95,6.6319
ORD319486,REST0348,CUST01222,COUR4684,-37.802808500000005,144.9949291,2020-01-07,14:02:38,0,0,Car,"[('dal makhani', 1), ('kheer', 1)]",0,27.3,5802,14,9.14,4.1167
ORD338560,REST0931,CUST01177,COUR4286,-37.8058744,144.9783731,2020-03-19,13:11:12,1,0,Motorbike,"[('upma', 1), ('masala dosa', 1), ('idli', 1)]",0,62.51,969,2,8.95,4.3736
ORD114945,REST0348,CUST07953,COUR3972,-37.8134284,144.973982,2020-01-13,04:05:16,0,0,Bike,"[('chole bhature', 3), ('chicken tikka', 3), ('kheer', 3)]",10,108.027,3200,16,9.14,4.2145
ORD081403,REST1046,CUST03784,COUR3376,-37.8237269,144.9404042,2020-01-06,02:38:14,0,0,Motorbike,"[('beef chilli', 3), ('french fries', 1), ('fried rice', 2)]",0,58.66,417,1,9.04,2.7731
ORD209946,REST1455,CUST07565,COUR2800,-37.7983586,144.9523019,2020-03-25,02:02:38,0,0,Car,"[('fish', 2), ('beef fry', 2), ('egg roast', 3), ('chicken curry', 1)]",20,111.584,2178,5,8.26,3.3532
ORD173321,REST0348,CUST06347,COUR2397,-37.807125,144.95825980000004,2020-11-30,05:16:29,0,0,Motorbike,"[('paan ice cream', 1), ('kheer', 3), ('makke ki roti', 2)]",10,88.569,2422,5,9.14,3.3526
ORD071101,REST1455,CUST00827,COUR2557,-37.8171578,144.9593038,2020-06-16,09:45:29,0,0,Motorbike,"[('appam', 2), ('chicken curry', 3), ('beef fry', 1)]",0,108.06,2900,6,8.26,2.9765
ORD009605,REST0931,CUST06406,COUR2849,-37.8023453,145.00481609999997,2020-11-06,19:15:09,1,0,Bike,"[('upma', 2), ('chole', 2), ('butter masala dosa', 1), ('vada', 3)]",0,167.22,2576,13,8.95,5.8247
ORD197953,REST0931,CUST11654,COUR1009,-37.8180873,144.9523156,2020-10-16,03:37:34,0,0,Bike,"[('filter coffee', 1), ('masala dosa', 3), ('idli', 3)]",0,141.66,4790,24,8.95,4.8623
ORD297882,REST1046,CUST08996,COUR2636,-37.81267929999999,144.9595761,2020-02-06,15:53:24,0,0,Bike,"[('french fries', 1), ('beef chilli', 1)]",10,23.49,3171,16,9.04,4.0091
ORD104769,REST1455,CUST04960,COUR0274,-37.8120706,144.9739636,2020-03-08,20:58:01,0,1,Car,"[('appam', 1), ('egg roast', 1)]",20,28.544,1581,4,8.26,4.4739
ORD199839,REST0348,CUST08496,COUR1183,-37.8163425,144.9373093,2020-06-17,07:19:07,0,0,Motorbike,"[('paan ice cream', 3), ('makke ki roti', 2)]",0,90.2,1436,3,9.14,3.0283
ORD348268,REST1046,CUST00816,COUR1047,-37.8177787,144.9572975,2020-08-31,14:38:14,0,0,Bike,"[('fish fingers', 2), ('chicken curry', 2), ('french fries', 2), ('draught beer', 1)]",40,56.7,2519,13,9.04,4.0437
ORD241210,REST0931,CUST13909,COUR2964,-37.8095468,144.9639783,2020-08-20,15:41:32,0,0,Motorbike,"[('upma', 1), ('masala dosa', 2)]",0,69.19,2178,4,8.95,3.3289
ORD002865,REST1034,CUST06920,COUR1290,-37.8058123,144.955219,2020-05-24,14:30:19,0,1,Motorbike,"[('mango lassi', 2), ('butter chicken', 2), ('paneer lababdar', 2), ('chilli chicken', 1)]",40,59.664,2223,4,8.4,4.1115
ORD180997,REST1034,CUST01867,COUR3901,-37.8217141,144.9738554,2020-05-06,19:38:54,1,0,Bike,"[('paneer lababdar', 2), ('palak paneer', 1), ('chilli chicken', 2), ('manchurian', 1)]",20,63.736,4227,21,8.4,6.4181
ORD139866,REST0348,CUST07136,COUR4979,-37.8136295,145.0128635,2020-11-26,14:22:25,0,0,Motorbike,"[('paan ice cream', 2), ('makke ki roti', 3), ('butter chicken', 3), ('paneer tikka', 1)]",0,145.47,7125,14,9.14,4.2181
ORD150798,REST0931,CUST02819,COUR1852,-37.8148464,145.0029943,2020-08-29,10:44:50,0,1,Motorbike,"[('tea', 1), ('filter coffee', 3), ('idli', 2), ('upma', 3)]",0,175.57,3751,8,8.95,4.2758
ORD040255,REST0931,CUST09996,COUR1135,-37.7998278,144.9899197,2020-11-27,09:09:53,0,0,Bike,"[('filter coffee', 1), ('chole', 3)]",0,83.7,1226,6,8.95,3.0383
ORD054383,REST1034,CUST01204,COUR0688,-37.803335,144.9899256,2020-08-28,14:22:25,0,0,Car,"[('dehati chicken', 3), ('palak paneer', 2), ('chilli chicken', 3)]",0,104.65,5573,13,8.4,4.1959
ORD127559,REST1455,CUST08465,COUR3741,-37.8159335,144.98259030000003,2020-07-28,09:45:29,0,0,Car,"[('egg roast', 2), ('fish', 2)]",20,49.344,2411,6,8.26,3.268
ORD048678,REST1455,CUST04210,COUR4302,-37.8244833,144.97998930000003,2020-01-07,01:03:17,0,0,Motorbike,"[('chicken stew', 2), ('beef fry', 3), ('chicken curry', 2)]",0,136.53,3255,7,8.26,3.4689
ORD078225,REST1034,CUST06923,COUR3468,-37.8055238,144.9555785,2020-01-25,18:39:33,1,1,Car,"[('mango lassi', 1), ('palak paneer', 3)]",45,45.089,2294,6,8.4,5.7832
ORD276462,REST1034,CUST11565,COUR4952,-37.7992427,144.983011,2020-04-27,21:37:34,0,0,Bike,"[('paneer lababdar', 1), ('chilli chicken', 2), ('dehati chicken', 2), ('mango lassi', 1)]",0,55.79,5211,26,8.4,5.2667
ORD054125,REST0931,CUST10101,COUR0029,-37.803748600000006,144.9525746,2020-12-07,07:30:59,0,0,Motorbike,"[('tea', 3), ('upma', 2)]",0,90.98,2959,6,8.95,3.0638
ORD003088,REST1034,CUST01779,COUR3725,-37.7999348,144.9610931,2020-01-13,10:48:47,0,0,Car,"[('paneer lababdar', 2), ('chilli chicken', 3)]",0,58.06,3443,8,8.4,3.3443
ORD289534,REST1046,CUST06417,COUR3676,-37.8038025,145.00569819999998,2020-10-13,00:19:46,0,0,Car,"[('chicken curry', 2), ('french fries', 2), ('draught beer', 3)]",10,62.01,7404,18,9.04,4.4819
ORD307562,REST1046,CUST09095,COUR1363,-37.82357460000001,145.0126354,2020-04-05,06:35:36,0,1,Motorbike,"[('murgh ghee roast', 3), ('chicken curry', 1), ('fried rice', 1)]",0,42.21,7394,15,9.04,5.108
ORD329079,REST1455,CUST04029,COUR1949,-37.819514700000006,144.98277119999997,2020-09-22,21:25:42,0,0,Motorbike,"[('sea food', 3), ('beef fry', 2), ('fish', 2)]",20,76.936,3017,6,8.26,3.2317
ORD194465,REST0931,CUST11260,COUR3282,-37.8050464,144.9615018,2020-06-02,08:46:09,0,0,Motorbike,"[('butter masala dosa', 1), ('upma', 2), ('tea', 3), ('chole', 2)]",40,85.23,3116,6,8.95,2.9524
ORD212962,REST0348,CUST02597,COUR0159,-37.8003698,144.9635368,2020-09-24,20:14:30,0,0,Bike,"[('butter chicken', 2), ('chole bhature', 1), ('mutton curry', 1)]",0,46.7,3467,17,9.14,4.5353
ORD272679,REST0348,CUST12629,COUR4896,-37.8035345,144.9493989,2020-06-11,09:29:40,0,0,Car,"[('paan ice cream', 1), ('kheer', 3), ('dal makhani', 1)]",0,69.22,2388,6,9.14,3.0331
ORD329915,REST1046,CUST03679,COUR4126,-37.8073809,144.9739727,2020-02-23,11:56:02,0,1,Bike,"[('french fries', 2), ('draught beer', 2), ('fish fingers', 1)]",0,67.06,4582,23,9.04,5.602
ORD321418,REST0931,CUST03592,COUR0257,-37.8254121,144.95301630000003,2020-05-27,20:30:19,0,0,Motorbike,"[('idli', 1), ('vada', 3)]",10,80.226,4392,9,8.95,3.3292
ORD029754,REST0931,CUST12292,COUR0988,-37.8106611,144.9559425,2020-03-26,22:01:19,0,0,Motorbike,"[('butter masala dosa', 1), ('masala dosa', 1), ('filter coffee', 3), ('idli', 3)]",0,143.15,2991,6,8.95,2.982
ORD230737,REST1034,CUST06885,COUR0759,-37.8069634,144.96259619999998,2020-04-26,01:15:09,0,1,Bike,"[('palak paneer', 1), ('chilli chicken', 3), ('mango lassi', 1), ('paneer lababdar', 3)]",20,80.72,2739,14,8.4,5.0786
ORD079816,REST1046,CUST12373,COUR3833,-37.8061875,144.9443483,2020-05-09,01:46:48,0,1,Motorbike,"[('murgh ghee roast', 3), ('fried rice', 1), ('fish fingers', 1), ('draught beer', 2)]",0,66.23,3031,6,9.04,4.2751
ORD340874,REST0931,CUST12080,COUR0537,-37.8205151,144.9272465,2020-08-12,11:00:39,0,0,Motorbike,"[('chole', 2), ('upma', 3)]",0,108.35,6612,13,8.95,4.1721
ORD293789,REST0931,CUST13011,COUR0737,-37.8120045,144.95303130000002,2020-02-02,16:21:05,0,1,Motorbike,"[('vada', 3), ('tea', 1), ('idli', 2)]",45,66.963,3259,7,8.95,4.2427
ORD067667,REST1455,CUST10662,COUR2557,-37.815015,144.96429840000002,2020-08-15,13:54:43,1,1,Motorbike,"[('egg roast', 3), ('beef fry', 2)]",0,100.37,2346,5,8.26,5.5776
ORD171423,REST1046,CUST06143,COUR0992,-37.806173,144.9539356,2020-02-27,19:27:01,1,0,Bike,"[('chicken curry', 1), ('beef chilli', 2)]",0,23.8,3331,17,9.04,5.724
ORD015088,REST1034,CUST01672,COUR0683,-37.8227967,145.00501630000002,2020-01-13,03:21:45,0,0,Car,"[('dehati chicken', 2), ('manchurian', 2)]",20,25.456,7058,17,8.4,4.6295
ORD185147,REST0348,CUST09645,COUR0242,-37.801905,145.00343569999998,2020-12-03,07:19:07,0,0,Motorbike,"[('chole bhature', 2), ('dal makhani', 2), ('paan ice cream', 1), ('makke ki roti', 1)]",10,85.473,6649,13,9.14,3.7436
ORD137312,REST1034,CUST09215,COUR0006,-37.8104033,144.96080980000002,2020-03-16,06:39:33,0,0,Bike,"[('mango lassi', 1), ('palak paneer', 1), ('manchurian', 3), ('paneer lababdar', 1)]",45,40.458,2514,13,8.4,4.0642
ORD134592,REST0348,CUST02066,COUR3400,-37.7973074,145.00907019999997,2020-11-20,20:46:09,0,0,Bike,"[('mutton curry', 3), ('kheer', 1)]",40,27.492,7550,38,9.14,6.7255
ORD246843,REST1455,CUST08304,COUR4437,-37.7988696,144.9818786,2020-06-15,14:10:32,0,0,Car,"[('chicken curry', 2), ('egg roast', 3), ('chicken stew', 2)]",45,81.758,933,2,8.26,2.8838
ORD301056,REST1034,CUST09611,COUR1746,-37.8225599,144.9380572,2020-07-16,11:12:31,0,0,Car,"[('palak paneer', 1), ('chilli chicken', 3), ('dehati chicken', 1)]",20,55.168,1924,5,8.4,3.4965
ORD012062,REST0348,CUST01726,COUR2912,-37.8151363,144.94719519999998,2020-02-04,11:08:34,0,0,Car,"[('chicken tikka', 2), ('mutton curry', 3), ('chole bhature', 2), ('kheer', 2)]",10,101.421,837,2,9.14,2.7065
ORD214639,REST1034,CUST08459,COUR3565,-37.8271233,144.98511609999997,2020-09-09,07:30:59,0,0,Motorbike,"[('chilli chicken', 1), ('mango lassi', 3)]",0,39.77,5393,11,8.4,3.5908
ORD104459,REST1046,CUST05315,COUR2048,-37.814673,144.9631686,2020-07-11,01:03:17,0,1,Bike,"[('french fries', 2), ('chicken curry', 3)]",20,46.144,3061,15,9.04,4.8411
ORD328668,REST0348,CUST13781,COUR4220,-37.8121745,144.9621986,2020-01-23,00:11:52,0,0,Motorbike,"[('chicken tikka', 3), ('mutton curry', 2), ('kheer', 3), ('butter chicken', 3)]",0,129.42,2370,5,9.14,3.1019
ORD230034,REST1046,CUST05322,COUR2119,-37.8117563,144.9635572,2020-10-06,03:29:40,0,0,Motorbike,"[('french fries', 2), ('chicken curry', 2), ('fried rice', 3), ('murgh ghee roast', 2)]",0,92.38,3477,7,9.04,3.1666
ORD119926,REST1046,CUST05286,COUR4503,-37.8175358,144.9683719,2020-06-27,06:27:41,0,1,Bike,"[('beef chilli', 3), ('draught beer', 3)]",0,43.26,3444,17,9.04,5.4341
ORD072299,REST1455,CUST12470,COUR2230,-37.8188543,144.95328999999998,2020-04-03,18:03:57,1,0,Car,"[('egg roast', 2), ('fish', 3)]",45,38.957,3506,8,8.26,5.0732
ORD041654,REST1034,CUST10319,COUR0458,-37.804507,144.9693603,2020-08-23,18:31:38,1,1,Car,"[('mango lassi', 3), ('chilli chicken', 3), ('paneer lababdar', 3)]",0,94.41,3537,8,8.4,5.9751
ORD340796,REST0348,CUST00483,COUR2091,-37.818406200000005,144.9485331,2020-05-21,16:13:11,0,0,Motorbike,"[('mutton curry', 1), ('butter chicken', 2), ('dal makhani', 3), ('paneer tikka', 1)]",45,50.6,694,1,9.14,2.7562
ORD063815,REST0348,CUST12408,COUR4430,-37.8107504,144.9458992,2020-04-07,15:49:27,0,0,Motorbike,"[('dal makhani', 2), ('kheer', 1), ('makke ki roti', 2)]",10,76.311,1416,3,9.14,3.221
ORD340515,REST0348,CUST07961,COUR3754,-37.8148623,144.97459080000002,2020-03-20,08:30:19,0,0,Bike,"[('butter chicken', 2), ('makke ki roti', 1), ('chicken tikka', 2), ('chole bhature', 1)]",45,45.001,3327,17,9.14,4.5554
ORD333156,REST0931,CUST11064,COUR1631,-37.8074762,144.95221930000002,2020-03-22,11:04:36,0,1,Motorbike,"[('filter coffee', 3), ('idli', 2)]",0,93.98,3284,7,8.95,4.5783
ORD255183,REST0931,CUST00713,COUR3053,-37.8048774,144.9358409,2020-07-01,14:14:30,0,0,Car,"[('butter masala dosa', 2), ('upma', 3), ('masala dosa', 2)]",0,130.39,4682,11,8.95,4.1613
ORD296779,REST1034,CUST13731,COUR0235,-37.8200469,144.95476619999997,2020-01-06,16:29:00,0,0,Bike,"[('manchurian', 3), ('dehati chicken', 2), ('chilli chicken', 1)]",45,30.272,2324,12,8.4,3.9924
ORD212787,REST1046,CUST03960,COUR0200,-37.7983664,145.0014642,2020-07-15,02:38:14,0,0,Motorbike,"[('murgh ghee roast', 2), ('fish fingers', 1), ('fried rice', 2)]",0,52.96,8003,16,9.04,4.0352
ORD207217,REST1455,CUST01275,COUR4831,-37.8042729,144.975344,2020-07-16,06:03:57,0,0,Car,"[('chicken curry', 2), ('egg roast', 2), ('appam', 2), ('chicken stew', 1)]",20,107.168,686,2,8.26,2.9004
ORD175912,REST0931,CUST10510,COUR1308,-37.8248994,144.9567484,2020-08-05,01:38:54,0,0,Car,"[('butter masala dosa', 1), ('tea', 2)]",0,39.99,4164,10,8.95,3.5338
ORD040914,REST0931,CUST11125,COUR3643,-37.8059231,144.98620649999998,2020-05-27,08:22:25,0,0,Bike,"[('butter masala dosa', 1), ('upma', 2), ('masala dosa', 2)]",40,59.874,1467,7,8.95,3.2259
ORD076127,REST1034,CUST08106,COUR1158,-37.8191255,145.0052086,2020-09-13,12:00:00,1,1,Motorbike,"[('paneer lababdar', 1), ('chilli chicken', 1)]",40,13.524,6887,14,8.4,6.785
ORD011783,REST1034,CUST00830,COUR1475,-37.8167395,144.9602506,2020-05-10,13:46:48,1,1,Car,"[('dehati chicken', 3), ('chilli chicken', 2), ('paneer lababdar', 2)]",45,34.15,2762,7,8.4,5.4398
ORD089205,REST1455,CUST03273,COUR1434,-37.8035617,144.9453112,2020-05-24,09:45:29,0,1,Bike,"[('egg roast', 3), ('beef fry', 1)]",0,82.72,3058,15,8.26,5.1264
